date,y_true,y_pred,y_naive,prior_close,price_true,price_model,price_naive,year
2016-01-10,0.050952327173927205,0.03741148,0.05009783698277691,8.8,9.26,9.135456275939942,9.252090800477898,2016
2016-01-17,0.03188367840522198,0.024068376,0.050952327173927205,9.26,9.56,9.48557636976242,9.744045454545454,2016
2016-01-24,0.04098934453319695,0.035497233,0.03188367840522198,9.56,9.96,9.90544792175293,9.869719222462205,2016
2016-01-31,0.16952245987511227,0.047171384,0.04098934453319695,9.96,11.800000000000002,10.441083712577822,10.376736401673641,2016
2016-02-07,-0.13401577141820242,0.041803144,0.16952245987511227,11.8,10.32,12.303732609748842,13.979919678714861,2016
2016-02-14,0.03895979658919049,0.041379992,-0.13401577141820242,10.32,10.73,10.756000699996948,9.025627118644067,2016
2016-02-21,-0.17804367432849882,0.03828411,0.03895979658919049,10.73,8.98,11.148753052949905,11.156288759689923,2016
2016-02-28,0.07506201897437736,0.032883957,-0.17804367432849882,8.98,9.68,9.280206575393677,7.515414725069898,2016
2016-03-06,0.04346313174389439,0.028617226,0.07506201897437736,9.68,10.11,9.961016988754272,10.43456570155902,2016
2016-03-13,0.03880215185647981,0.038945634,0.04346313174389439,10.11,10.51,10.511507120132446,10.55910123966942,2016
2016-03-20,0.10640659059511731,0.037472118,0.03880215185647981,10.51,11.69,10.91130430817604,10.925825914935707,2016
2016-03-27,-0.017256683623312674,0.038758766,0.10640659059511731,11.69,11.49,12.151984914541243,13.002483349191246,2016
2016-04-03,-0.08156693224734929,0.03738642,-0.017256683623312674,11.49,10.59,11.92770193219185,11.293421727972627,2016
2016-04-10,0.06666091316172185,0.038201664,-0.08156693224734929,10.59,11.32,11.002381675243377,9.760496083550914,2016
2016-04-17,0.027016893755536155,0.03857952,0.06666091316172185,11.32,11.63,11.765253448486328,12.100321057601512,2016
2016-04-24,-0.05115753856681123,0.03891648,0.027016893755536155,11.63,11.05,12.091520040035249,11.948489399293287,2016
2016-05-01,-0.028455338883043205,0.03913069,-0.05115753856681123,11.05,10.74,11.490965527296067,10.498925193465176,2016
2016-05-08,-0.058473770820126524,0.036654152,-0.028455338883043205,10.74,10.13,11.140969347953797,10.438696832579186,2016
2016-05-15,0.011776387323825119,0.03607726,-0.058473770820126524,10.13,10.25,10.502135796546936,9.554646182495347,2016
2016-05-22,-0.019705071079332333,0.035319623,0.011776387323825119,10.25,10.05,10.618494272232056,10.37142152023692,2016
2016-05-29,0.025541663523783772,0.028654383,-0.019705071079332333,10.05,10.31,10.34214291572571,9.853902439024392,2016
2016-06-05,0.02962471778492409,0.034818184,0.025541663523783772,10.31,10.62,10.675298808813096,10.576726368159203,2016
2016-06-12,0.03787981745161839,0.032293696,0.02962471778492409,10.62,11.03,10.96855711698532,10.93932104752667,2016
2016-06-19,-0.10103824929166398,0.009445132,0.03787981745161839,11.03,9.97,11.134673529863356,11.455828625235405,2016
2016-06-26,-0.15951442047747622,0.022036672,-0.10103824929166398,9.97,8.5,10.192144452333451,9.011867633726203,2016
2016-07-03,0.07587112277210274,0.037181467,-0.15951442047747622,8.5,9.17,8.821991682052612,7.2467402206619855,2016
2016-07-10,-0.032135729264294706,0.030886812,0.07587112277210274,9.17,8.88,9.45765127658844,9.892811764705883,2016
2016-07-17,0.012311291479450249,0.03467251,-0.032135729264294706,8.88,8.990000000000002,9.193291597366334,8.599171210468922,2016
2016-07-24,-0.013438052162040926,0.044504136,0.012311291479450249,8.99,8.87,9.399128952026368,9.101362612612613,2016
2016-07-31,0.03652868773350648,0.037917793,-0.013438052162040926,8.87,9.2,9.212788809537887,8.751601779755282,2016
2016-08-07,0.047754431295900034,0.037665103,0.03652868773350648,9.2,9.65,9.553126955032347,9.542277339346109,2016
2016-08-14,-0.011464429890699486,0.004300426,0.047754431295900034,9.65,9.54,9.691588163375854,10.12201086956522,2016
2016-08-21,-0.08758329579275097,0.0045423172,-0.011464429890699486,9.54,8.74,9.583431830406187,9.431253886010362,2016
2016-08-28,0.06317890162153167,0.02527626,-0.08758329579275097,8.74,9.31,8.963730075359345,8.007085953878407,2016
2016-09-04,-0.011885607233981197,0.018307634,0.06317890162153167,9.31,9.2,9.482013866901399,9.917173913043479,2016
2016-09-11,0.02681125745065677,0.02330935,-0.011885607233981197,9.2,9.45,9.416965198516845,9.091299677765841,2016
2016-09-18,0.0,0.02192503,0.02681125745065677,9.45,9.45,9.659478968381881,9.706793478260868,2016
2016-09-25,-0.007434978487517866,0.0011388959,0.0,9.45,9.38,9.460767352581023,9.45,2016
2016-10-02,0.05092009042725674,0.0014500424,-0.007434978487517866,9.38,9.87,9.393610525131226,9.31051851851852,2016
2016-10-09,-0.016343571142156486,0.03010439,0.05092009042725674,9.87,9.71,10.17164854288101,10.38559701492537,2016
2016-10-16,0.028428310357228544,0.01682199,-0.016343571142156486,9.71,9.99,9.87472235441208,9.552593718338402,2016
2016-10-23,-0.03878036967826106,0.016640186,0.028428310357228544,9.99,9.61,10.157626433372497,10.278074150360453,2016
2016-10-30,-0.02209453370624287,0.015880054,-0.03878036967826106,9.61,9.4,9.763825610876083,9.244454454454454,2016
2016-11-06,0.017923516188904736,0.017390974,-0.02209453370624287,9.4,9.57,9.564904928207397,9.194588969823101,2016
2016-11-13,0.00521105921275207,0.015937433,0.017923516188904736,9.57,9.62,9.723743205070496,9.743074468085107,2016
2016-11-20,-0.029538012436863756,0.016357854,0.00521105921275207,9.62,9.34,9.778657715320586,9.67026123301985,2016
2016-11-27,-0.03597118062050475,0.01689743,-0.029538012436863756,9.34,9.01,9.499163753986359,9.068149688149688,2016
2016-12-04,-0.09054905693126798,0.020671632,-0.03597118062050475,9.01,8.23,9.198189877271652,8.691659528907921,2016
2016-12-11,0.06355079169511317,0.016336098,-0.09054905693126798,8.23,8.77,8.365550676584244,7.517524972253053,2016
2016-12-18,-0.07577588282437234,0.013970462,0.06355079169511317,8.77,8.13,8.89338165283203,9.345431348724178,2016
2016-12-25,0.10166365377650005,0.017856253,-0.07577588282437234,8.13,9.0,8.276475738286972,7.536704675028508,2016
2017-01-01,0.02955880224154443,0.016932983,0.10166365377650005,9.0,9.27,9.153694868087769,9.96309963099631,2017
2017-01-08,0.02871010588243136,0.013620989,0.02955880224154443,9.27,9.54,9.397130581140518,9.5481,2017
2017-01-15,0.0031397200046678463,0.0085808765,0.02871010588243136,9.54,9.57,9.622213418483733,9.817864077669903,2017
2017-01-22,0.01039510400033997,0.011640264,0.0031397200046678463,9.57,9.67,9.682048044204713,9.600094339622643,2017
2017-01-29,0.006185586732710744,0.010198088,0.01039510400033997,9.67,9.73,9.769119538068772,9.771044932079414,2017
2017-02-05,0.07520852621029202,0.00945759,0.006185586732710744,9.73,10.49,9.822458457946778,9.790372285418822,2017
2017-02-12,-0.016338662354789105,0.013308924,0.07520852621029202,10.49,10.32,10.630544307231903,11.309362795477902,2017
2017-02-19,-0.024523053322945795,0.008932068,-0.016338662354789105,10.32,10.07,10.412591543197632,10.152755004766444,2017
2017-02-26,0.07368228928102923,0.0073693674,-0.024523053322945795,10.07,10.84,10.144483548402787,9.826056201550388,2017
2017-03-05,0.0746349813885809,0.007427515,0.07368228928102923,10.84,11.68,10.920814690589905,11.668877855014896,2017
2017-03-12,-0.03130690462504402,0.005201378,0.0746349813885809,11.68,11.32,11.740910377502441,12.585092250922509,2017
2017-03-19,-0.18055633126938556,0.0071201622,-0.03130690462504402,11.32,9.45,11.400887331962586,10.971095890410961,2017
2017-03-26,-0.0257248912384357,0.009000767,-0.18055633126938556,9.45,9.21,9.5354414999485,7.888913427561836,2017
2017-04-02,-0.030873455378807927,0.010220488,-0.0257248912384357,9.21,8.93,9.304613045454026,8.97609523809524,2017
2017-04-09,0.014452725166480355,0.0062042368,-0.030873455378807927,8.93,9.06,8.985575320720672,8.658512486427794,2017
2017-04-16,0.02829350864261178,0.009958565,0.014452725166480355,9.06,9.32,9.15067551612854,9.191892497200449,2017
2017-04-23,-0.002148228538289495,0.0116565,0.02829350864261178,9.32,9.3,9.429274301528931,9.587461368653422,2017
2017-04-30,0.06956618381453669,0.0058732335,-0.002148228538289495,9.3,9.97,9.35478265285492,9.280042918454937,2017
2017-05-07,-0.002008032803245746,0.004044079,0.06956618381453669,9.97,9.95,10.010401245355606,10.688268817204301,2017
2017-05-14,0.059500727107614074,0.00076251995,-0.002008032803245746,9.95,10.56,9.957590061426162,9.930040120361081,2017
2017-05-21,-0.0009474183560399392,0.0042814924,0.059500727107614074,10.56,10.55,10.605309791564942,11.207396984924625,2017
2017-05-28,-0.07476440337965669,0.007850249,-0.0009474183560399392,10.55,9.79,10.633146286010742,10.54000946969697,2017
2017-06-04,0.05562506316895912,0.0071739526,-0.07476440337965669,9.79,10.35,9.86048569202423,9.084748815165874,2017
2017-06-11,-0.08674790708954147,0.006766333,0.05562506316895912,10.35,9.49,10.42026953101158,10.94203268641471,2017
2017-06-18,0.06526270563875558,0.0046912683,-0.08674790708954147,9.49,10.13,9.534625108242036,8.701458937198069,2017
2017-06-25,-0.02296656112004776,0.0070366384,0.06526270563875558,10.13,9.9,10.20153280735016,10.813161222339305,2017
2017-07-02,0.011049836186584935,-0.0002069818,-0.02296656112004776,9.9,10.01,9.897951221466064,9.67522211253702,2017
2017-07-09,-0.006012042156627834,0.0053347615,0.011049836186584935,10.01,9.95,10.063543890714644,10.121222222222222,2017
2017-07-16,-0.00503779402995707,0.010116622,-0.006012042156627834,9.95,9.9,10.051171165704726,9.89035964035964,2017
2017-07-23,-0.007095822981469105,0.009206613,-0.00503779402995707,9.9,9.83,9.991567182540894,9.850251256281409,2017
2017-07-30,0.10698686283475993,0.011172557,-0.007095822981469105,9.83,10.94,9.940442380905152,9.76049494949495,2017
2017-08-06,0.0490512948668293,0.011039802,0.10698686283475993,10.94,11.49,11.061445021629334,12.175340793489317,2017
2017-08-13,-0.03003759395453655,0.009511327,0.0490512948668293,11.49,11.15,11.599807291030883,12.067650822669107,2017
2017-08-20,0.08588967188042973,0.009889012,-0.03003759395453655,11.15,12.15,11.2608087182045,10.82006092254134,2017
2017-08-27,-0.048049697641708314,0.008689156,0.08588967188042973,12.15,11.58,12.25603249669075,13.23968609865471,2017
2017-09-03,0.022204157311010372,0.0061799283,-0.048049697641708314,11.58,11.84,11.651785826683044,11.03674074074074,2017
2017-09-10,-0.03436764350420777,0.009475158,0.022204157311010372,11.84,11.44,11.952718849182128,12.105837651122624,2017
2017-09-17,-0.11964228046385543,0.009579095,-0.03436764350420777,11.44,10.15,11.550110883712769,11.053513513513513,2017
2017-09-24,-0.046379279585121606,0.008547382,-0.11964228046385543,10.15,9.69,10.237127828598023,9.005463286713288,2017
2017-10-01,0.03249016742445436,0.0072755213,-0.046379279585121606,9.69,10.01,9.760757979154587,9.250847290640392,2017
2017-10-08,-0.06393930010695757,0.0060829604,0.03249016742445436,10.01,9.39,10.071075905561447,10.340567595459236,2017
2017-10-15,0.033510989083062076,0.0015815991,-0.06393930010695757,9.39,9.71,9.404863064289094,8.8084015984016,2017
2017-10-22,0.0010293361691140592,0.0070501324,0.033510989083062076,9.71,9.72,9.778698942661286,10.040905218317361,2017
2017-10-29,-0.02500130220541727,0.009984613,0.0010293361691140592,9.72,9.48,9.817535934448243,9.730010298661174,2017
2017-11-05,-0.017021687569430635,0.007982236,-0.02500130220541727,9.48,9.32,9.555974636077881,9.245925925925926,2017
2017-11-12,0.03583101952692677,0.006405043,-0.017021687569430635,9.32,9.66,9.379886770248413,9.162700421940928,2017
2017-11-19,-0.07634011593766275,0.005294279,0.03583101952692677,9.66,8.95,9.711279044151306,10.012403433476395,2017
2017-11-26,0.02754995176823065,0.007504943,-0.07634011593766275,8.95,9.2,9.017421007156372,8.29218426501035,2017
2017-12-03,0.03629000140520043,0.008204295,0.02754995176823065,9.2,9.54,9.275790309906006,9.456983240223463,2017
2017-12-10,0.05008711651364896,0.008008742,0.03629000140520043,9.54,10.03,9.616710233688353,9.892565217391303,2017
2017-12-17,0.030439267106438957,0.007295184,0.05008711651364896,10.03,10.34,10.103438000679015,10.545167714884695,2017
2017-12-24,0.04352626504989093,0.0070179156,0.030439267106438957,10.34,10.799999999999999,10.412820963859557,10.659581256231306,2017
2017-12-31,0.0009254975209429712,0.0018758414,0.04352626504989093,10.8,10.810000000000002,10.820278787612915,11.28046421663443,2017
2018-01-07,-0.006496542570398315,0.0026958617,0.0009254975209429712,10.81,10.74,10.839181534051896,10.82000925925926,2018
2018-01-14,-0.010294896726861973,0.0047836024,-0.006496542570398315,10.74,10.63,10.791499099731446,10.6704532839963,2018
2018-01-21,-0.045221750203520795,0.0040969565,-0.010294896726861973,10.63,10.16,10.673640919923782,10.52112662942272,2018
2018-01-28,0.023347363996991107,0.00307429,-0.045221750203520795,10.16,10.4,10.19128200531006,9.710780809031043,2018
2018-02-04,0.10401345493262637,0.0013684204,0.023347363996991107,10.4,11.54,10.414241313934326,10.645669291338583,2018
2018-02-11,-0.021901882918382895,0.004732466,0.10401345493262637,11.54,11.29,11.594742243289947,12.804961538461535,2018
2018-02-18,-0.10447516810110194,0.004094883,-0.021901882918382895,11.29,10.17,11.336326290369033,11.045415944540727,2018
2018-02-25,-0.040125744005777286,0.008441191,-0.10447516810110194,10.17,9.77,10.256210811138153,9.1611071744907,2018
2018-03-04,0.019260605541815655,0.004525255,-0.040125744005777286,9.77,9.96,9.814312380552291,9.385732546705997,2018
2018-03-11,0.034537226432361685,0.0036326267,0.019260605541815655,9.96,10.31,9.996245455741883,10.153694984646881,2018
2018-03-18,-0.0038872740884017677,0.0032679047,0.034537226432361685,10.31,10.27,10.343747193813325,10.672299196787149,2018
2018-03-25,-0.01966631720999592,0.004968806,-0.0038872740884017677,10.27,10.07,10.321156514883041,10.23015518913676,2018
2018-04-01,0.052236245895420794,0.0036232912,-0.01966631720999592,10.07,10.61,10.106552122831346,9.873894839337877,2018
2018-04-08,0.03245532889397787,0.004589454,0.052236245895420794,10.61,10.96,10.658806509971619,11.178957298907646,2018
2018-04-15,0.01628995297926855,0.0031022218,0.03245532889397787,10.96,11.140000000000002,10.994053497314454,11.32154571159284,2018
2018-04-22,0.013375143662432462,0.0026513329,0.01628995297926855,11.14,11.289999999999997,11.169574370384217,11.322956204379564,2018
2018-04-29,0.03993586242859743,0.0020913568,0.013375143662432462,11.29,11.75,11.313636219501495,11.442019748653497,2018
2018-05-06,0.004246290881451224,0.0023970024,0.03993586242859743,11.75,11.8,11.778197675943375,12.228742249778566,2018
2018-05-13,-0.01623273576181908,0.0013248012,0.004246290881451224,11.8,11.61,11.815643572807312,11.85021276595745,2018
2018-05-20,-0.0043159324655685895,-0.00021837876,-0.01623273576181908,11.61,11.56,11.607465167641639,11.423059322033897,2018
2018-05-27,0.011182912239745529,0.0022168183,-0.0043159324655685895,11.56,11.69,11.585655331611633,11.510215331610683,2018
2018-06-03,0.10004272287047888,0.0019523129,0.011182912239745529,11.69,12.920000000000002,11.712844573259353,11.821461937716261,2018
2018-06-10,-0.03785941104342239,0.0026741324,0.10004272287047888,12.92,12.44,12.954595613479615,14.279418306244656,2018
2018-06-17,-0.051124075333081186,0.00427574,-0.03785941104342239,12.44,11.82,12.493303642272949,11.977832817337461,2018
2018-06-24,-0.0810302227428541,0.0023354266,-0.051124075333081186,11.82,10.9,11.847637181282044,11.230900321543409,2018
2018-07-01,0.050099922051495493,0.0025543869,-0.0810302227428541,10.9,11.46,10.927878224849701,10.051607445008461,2018
2018-07-08,0.01214238682572534,0.0023121857,0.050099922051495493,11.46,11.6,11.486527676582337,12.048770642201836,2018
2018-07-15,-0.023551023072403976,0.00221962,0.01214238682572534,11.6,11.33,11.625775909423828,11.741710296684117,2018
2018-07-22,-0.03046830662438493,0.0010201201,-0.023551023072403976,11.33,10.99,11.341564190387725,11.066284482758622,2018
2018-07-29,0.10198813858390574,0.000728692,-0.03046830662438493,10.99,12.17,10.998011323213577,10.660203000882612,2018
2018-08-05,-0.1352937146455792,-0.0012143624,0.10198813858390574,12.17,10.63,12.155230364203453,13.476696997270244,2018
2018-08-12,-0.09568654412942994,0.0010743801,-0.1352937146455792,10.63,9.66,10.641426295042038,9.284872637633526,2018
2018-08-19,-0.005189425242225608,0.0004891716,-0.09568654412942994,9.66,9.61,9.664727160930633,8.7785136406397,2018
2018-08-26,0.09426905529591449,0.0011070111,-0.005189425242225608,9.61,10.560000000000002,9.620643781423569,9.56025879917184,2018
2018-09-02,0.015037877364540502,8.898645e-05,0.09426905529591449,10.56,10.72,10.560940361022949,11.603912591050992,2018
2018-09-09,-0.06752805998593724,-0.00014373015,0.015037877364540502,10.72,10.02,10.718458824157716,10.882424242424243,2018
2018-09-16,0.027560799578871416,-0.00018473905,-0.06752805998593724,10.02,10.3,10.018149157762528,9.36570895522388,2018
2018-09-23,0.03341599691984402,-0.0011347856,0.027560799578871416,10.3,10.65,10.288318181037903,10.587824351297407,2018
2018-09-30,0.04228571149610438,-0.0012906357,0.03341599691984402,10.65,11.11,10.63626442551613,11.011893203883496,2018
2018-10-07,0.034501431717665745,1.8142418e-05,0.04228571149610438,11.11,11.5,11.11020131111145,11.589868544600938,2018
2018-10-14,0.0425596144187959,-0.0003107574,0.034501431717665745,11.5,12.0,11.496426731348038,11.903690369036903,2018
2018-10-21,-0.006688988150796652,-0.00041390106,0.0425596144187959,12.0,11.92,11.99503469467163,12.521739130434781,2018
2018-10-28,-0.009271031427932681,0.00020660549,-0.006688988150796652,11.92,11.81,11.922463970184326,11.840533333333333,2018
2018-11-04,-0.032705152402551736,0.00086421316,-0.009271031427932681,11.81,11.43,11.820211220979692,11.701015100671142,2018
2018-11-11,0.030161700416721282,0.0013556749,-0.032705152402551736,11.43,11.78,11.445505957603455,11.062226926333615,2018
2018-11-18,0.057724184717840965,0.001279315,0.030161700416721282,11.78,12.479999999999999,11.795079216957092,12.140717410323708,2018
2018-11-25,-0.06882118292957203,0.0013459447,0.057724184717840965,12.48,11.65,12.496808395385743,13.221595925297114,2018
2018-12-02,0.06480672551091012,0.0012078797,-0.06882118292957203,11.65,12.43,11.6640809237957,10.875200320512821,2018
2018-12-09,-0.17734602289574214,0.0018849759,0.06480672551091012,12.43,10.41,12.453451997041702,13.262223175965664,2018
2018-12-16,0.03677925150329649,0.0011567142,-0.17734602289574214,10.41,10.8,10.422048565149307,8.71827031375704,2018
2018-12-23,-0.013047715392475632,0.001573744,0.03677925150329649,10.8,10.66,10.817009925842285,11.204610951008647,2018
2018-12-30,0.04224687008473772,0.002391314,-0.013047715392475632,10.66,11.12,10.685522165298462,10.521814814814814,2018
2019-01-06,0.04139736852922409,0.0021435139,0.04224687008473772,11.12,11.59,11.143862257003784,11.599849906191368,2019
2019-01-13,0.036429271755401185,0.002569265,0.04139736852922409,11.59,12.02,11.619815697669983,12.079865107913669,2019
2019-01-20,0.028702257297334985,0.002224435,0.036429271755401185,12.02,12.37,12.04676792383194,12.46595340811044,2019
2019-01-27,0.04582160174115021,0.0020606827,0.028702257297334985,12.37,12.95,12.395516805648803,12.730191347753742,2019
2019-02-03,0.038626536071035215,0.002749535,0.04582160174115021,12.95,13.460000000000003,12.98565468788147,13.5571948261924,2019
2019-02-10,-0.03477296675504511,0.00093002216,0.038626536071035215,13.46,13.0,13.472523567676545,13.990084942084946,2019
2019-02-17,0.03774032798284711,0.00012019411,-0.03477296675504511,13.0,13.500000000000002,13.001563668251038,12.555720653789002,2019
2019-02-24,0.0939624707054569,0.00091244286,0.03774032798284711,13.5,14.829999999999998,13.512324213981628,14.01923076923077,2019
2019-03-03,0.0815458048544511,0.0012113866,0.0939624707054569,14.83,16.09,14.847975740432739,16.29102962962963,2019
2019-03-10,-0.05953758079006618,0.0014702663,0.0815458048544511,16.09,15.16,16.11367483019829,17.457053270397843,2019
2019-03-17,-0.06965271974579891,0.00056315743,-0.05953758079006618,15.16,14.14,15.168539080619812,14.28375388440025,2019
2019-03-24,-0.044837589853608736,0.00082816515,-0.06965271974579891,14.14,13.52,14.151715054512024,13.188627968337732,2019
2019-03-31,0.16904345639380536,0.001180039,-0.044837589853608736,13.52,16.01,13.535963983535765,12.927185289957565,2019
2019-04-07,-0.04340183412490063,0.0011379401,0.16904345639380536,16.01,15.33,16.028228472471238,18.958587278106513,2019
2019-04-14,0.036507416342463135,0.0016174406,-0.04340183412490063,15.33,15.9,15.354817156791688,14.67888194878201,2019
2019-04-21,-0.019048194970694474,0.0017627123,0.036507416342463135,15.9,15.6,15.92805233001709,16.49119373776908,2019
2019-04-28,0.02469261259037163,0.0020712833,-0.019048194970694474,15.6,15.990000000000002,15.632345151901244,15.30566037735849,2019
2019-05-05,-0.00879402652257323,0.0021945862,0.02469261259037163,15.99,15.85,16.02513046503067,16.389750000000003,2019
2019-05-12,0.06886668055991176,0.001707772,-0.00879402652257323,15.85,16.98,15.877091181278228,15.711225766103814,2019
2019-05-19,0.2580967680922741,0.0019476821,0.06886668055991176,16.98,21.98,17.01310536146164,18.190561514195586,2019
2019-05-26,-0.1832318891281,0.0025142573,0.2580967680922741,21.98,18.3,22.035331189632416,28.45232037691402,2019
2019-06-02,0.04226357789028097,0.0024708763,-0.1832318891281,18.3,19.09,18.345273292064668,15.236123748862603,2019
2019-06-09,0.0073069218630320825,0.004029989,0.04226357789028097,19.09,19.23,19.1670872426033,19.91410382513661,2019
2019-06-16,-0.01361277565376556,0.0016984809,0.0073069218630320825,19.23,18.97,19.26268954753876,19.371026715557882,2019
2019-06-23,-0.018622512098001684,0.0027306273,-0.01361277565376556,18.97,18.62,19.02187199831009,18.713515340613622,2019
2019-06-30,-0.015697209997307515,0.0018119919,-0.018622512098001684,18.62,18.33,18.653772385120394,18.27645756457565,2019
2019-07-07,-0.04405507490757664,0.0017496339,-0.015697209997307515,18.33,17.54,18.36209921121597,18.044516648764766,2019
2019-07-14,0.05166380726711152,0.0020467122,-0.04405507490757664,17.54,18.47,17.575934739112853,16.78404800872886,2019
2019-07-21,-0.013627902379336298,0.002415112,0.05166380726711152,18.47,18.22,18.51466122150421,19.44931014823261,2019
2019-07-28,0.03399302206220761,0.0023677489,-0.013627902379336298,18.22,18.85,18.263192257881162,17.973383865728206,2019
2019-08-04,0.004235051327211566,0.0027849732,0.03399302206220761,18.85,18.93,18.902568542957308,19.50178375411636,2019
2019-08-11,0.024525100848050856,0.0023971146,0.004235051327211566,18.93,19.4,18.975432769060134,19.010339522546417,2019
2019-08-18,-0.01820596449657241,0.0025246714,0.024525100848050856,19.4,19.05,19.44903995990753,19.881669307976754,2019
2019-08-25,0.0005247966533458746,0.002970435,-0.01820596449657241,19.05,19.059999999999995,19.106671231985093,18.706314432989693,2019
2019-09-01,0.014583591799092216,0.0033482865,0.0005247966533458746,19.06,19.34,19.123924078941343,19.070005249343826,2019
2019-09-08,0.0400357496265519,0.0032697374,0.014583591799092216,19.34,20.130000000000003,19.403341517448425,19.62411332633788,2019
2019-09-15,0.0760222554140345,0.0027991787,0.0400357496265519,20.13,21.72,20.186426146030424,20.952269906928645,2019
2019-09-22,-0.06466130338341264,0.0038485143,0.0760222554140345,21.72,20.36,21.803751096725463,23.435588673621456,2019
2019-09-29,0.05308442020836772,0.003691156,-0.06466130338341264,20.36,21.47,20.43529110431671,19.085156537753225,2019
2019-10-06,0.013416810097052307,0.005613434,0.05308442020836772,21.47,21.76,21.590858534574508,22.640515717092338,2019
2019-10-13,-0.005529968009461198,0.0050571403,0.013416810097052307,21.76,21.64,21.870322570800784,22.053917093619006,2019
2019-10-20,-0.08785192507643891,0.0050370297,-0.005529968009461198,21.64,19.82,21.74927562713623,21.52066176470588,2019
2019-10-27,0.015519710749858133,0.0051059173,-0.08785192507643891,19.82,20.13,19.921457908153535,18.153068391866913,2019
2019-11-03,-0.02413390133642986,0.0045421435,0.015519710749858133,20.13,19.65,20.22164149403572,20.444848637739653,2019
2019-11-10,-0.029436672295129755,0.0045451913,-0.02413390133642986,19.65,19.08,19.739517205953597,19.18144560357675,2019
2019-11-17,0.004705891037412935,0.004566951,-0.029436672295129755,19.08,19.170000000000005,19.16733675956726,18.526534351145038,2019
2019-11-24,-0.19650619178591108,0.0071691824,0.004705891037412935,19.17,15.750000000000002,19.307928071022037,19.260424528301893,2019
2019-12-01,0.14896720075436193,0.005914454,-0.19650619178591108,15.75,18.28,15.843428581953049,12.940140845070422,2019
2019-12-08,0.0016397926604153686,0.005280678,0.14896720075436193,18.28,18.310000000000002,18.376786761283874,21.216406349206352,2019
2019-12-15,0.015714222032736442,0.006676358,0.0016397926604153686,18.31,18.6,18.43265151977539,18.340049234135666,2019
2019-12-22,-0.020641688887343485,0.005862125,0.015714222032736442,18.6,18.22,18.709354662895205,18.89459311851448,2019
2019-12-29,0.046120774188328134,0.006074053,-0.020641688887343485,18.22,19.08,18.331008403301237,17.84776344086021,2019
2020-01-05,0.0585259851595137,0.005861396,0.046120774188328134,19.08,20.23,19.19216534614563,19.980592755214047,2020
2020-01-12,0.14428649737111254,0.0054510715,0.0585259851595137,20.23,23.37,20.34057686328888,21.449313417190776,2020
2020-01-19,-0.03838238257954243,0.006013501,0.14428649737111254,23.37,22.49,23.510956463813784,26.997375185368266,2020
2020-01-26,0.004436564508687745,0.004792667,-0.03838238257954243,22.49,22.590000000000003,22.59804498195648,21.643136499786046,2020
2020-02-02,0.022325287047835936,0.005195752,0.004436564508687745,22.59,23.099999999999998,22.707678691148757,22.69044464206314,2020
2020-02-09,-0.013510774270155103,0.0048006815,0.022325287047835936,23.1,22.79,23.211162757873538,23.621513944223107,2020
2020-02-16,0.07030837266328806,0.0054358654,-0.013510774270155103,22.79,24.449999999999996,22.91422203540802,22.48416017316017,2020
2020-02-23,-0.07118633584523272,0.004439591,0.07030837266328806,24.45,22.77,24.558789950609206,26.230912681000436,2020
2020-03-01,-0.03258489579093458,0.0045997435,-0.07118633584523272,22.77,22.04,22.874976532459257,21.205435582822087,2020
2020-03-08,0.023319442345144423,0.0043828087,-0.03258489579093458,22.04,22.56,22.13680817604065,21.333403601229687,2020
2020-03-15,0.008386718767101377,0.0053277058,0.023319442345144423,22.56,22.75,22.680512981414793,23.092268602540834,2020
2020-03-22,-0.050021691418678654,0.0073149977,0.008386718767101377,22.75,21.64,22.91702464222908,22.941600177304966,2020
2020-03-29,-0.028593464263672326,0.007139209,-0.050021691418678654,21.64,21.03,21.7950470495224,20.584158241758242,2020
2020-04-05,-0.008596041469797908,0.007485944,-0.028593464263672326,21.03,20.85,21.188019418716433,20.437195009242146,2020
2020-04-12,0.013813032197280991,0.008081039,-0.008596041469797908,20.85,21.139999999999997,21.01917151808739,20.671540656205423,2020
2020-04-19,0.04214562145076353,0.0077056456,0.013813032197280991,21.14,22.050000000000004,21.303528275489807,21.434033573141484,2020
2020-04-26,0.02861169689889529,0.006851018,0.04214562145076353,22.05,22.689999999999998,22.20158407688141,22.999172185430467,2020
2020-05-03,0.2433004224115874,0.0072406433,0.02861169689889529,22.69,28.94,22.854885486364367,23.34857596371882,2020
2020-05-10,-0.07682283368652684,0.0071722567,0.2433004224115874,28.94,26.8,29.148312878608706,36.91157338034376,2020
2020-05-17,-0.01352387253332543,0.006436566,-0.07682283368652684,26.8,26.44,26.973056411743165,24.818244644091223,2020
2020-05-24,0.017991489793041476,0.0070173065,-0.01352387253332543,26.44,26.92,26.626191811561586,26.084835820895524,2020
2020-05-31,-0.02749184625690654,0.0054840553,0.017991489793041476,26.92,26.19,27.068036432266236,27.40871406959153,2020
2020-06-07,0.07713072679385523,0.0066443863,-0.02749184625690654,26.19,28.29,26.364596711397173,25.479795690936108,2020
2020-06-14,0.03610249767588382,0.0057871803,0.07713072679385523,28.29,29.33,28.45419353842735,30.558384879725082,2020
2020-06-21,0.00983892585029318,0.006071915,0.03610249767588382,29.33,29.62,29.50863150835037,30.40823259102156,2020
2020-06-28,-0.03679287273763351,0.006541746,0.00983892585029318,29.62,28.55,29.814401588439942,29.912867371292197,2020
2020-07-05,0.11063554491994698,0.0062004193,-0.03679287273763351,28.55,31.89,28.72757030725479,27.518652937204592,2020
2020-07-12,-0.00031362709995205827,0.00633543,0.11063554491994698,31.89,31.88,32.092681463956836,35.620739054290716,2020
2020-07-19,-0.002198148160961525,0.008866368,-0.00031362709995205827,31.88,31.81,32.16391589641571,31.870003135779235,2020
2020-07-26,-0.019362610945616084,0.008266965,-0.002198148160961525,31.81,31.2,32.0740630197525,31.740153701380176,2020
2020-08-02,0.02093320966646572,0.0075368434,-0.019362610945616084,31.2,31.859999999999996,31.43603982925415,30.601697579377554,2020
2020-08-09,-0.10167060302268059,0.0084374035,0.02093320966646572,31.86,28.78,32.129951012134555,32.53396153846153,2020
2020-08-16,-0.012587578790267178,0.0066089146,-0.10167060302268059,28.78,28.42,28.97083379983902,25.997752667922164,2020
2020-08-23,-0.09246412809493608,0.0084345,-0.012587578790267178,28.42,25.91,28.660722448825837,28.064503127171648,2020
2020-08-30,0.02928522647340434,0.008224958,-0.09246412809493608,25.91,26.68,26.123989104032518,23.621678395496126,2020
2020-09-06,0.0603600132151115,0.0075338595,0.02928522647340434,26.68,28.340000000000003,26.881761622428893,27.47288305673485,2020
2020-09-13,-0.058113662588737264,0.007514408,0.0603600132151115,28.34,26.74,28.55375757217407,30.10328335832084,2020
2020-09-20,0.02656982866602793,0.0077399863,-0.058113662588737264,26.74,27.46,26.947771444320676,25.23033168666196,2020
2020-09-27,0.012305620356766332,0.006968603,0.02656982866602793,27.46,27.8,27.652026026248933,28.19938668661182,2020
2020-10-04,0.030117422464157217,0.007157849,0.012305620356766332,27.8,28.650000000000002,27.999702739715577,28.1442097596504,2020
2020-10-11,0.016271780167736626,0.0066699567,0.030117422464157217,28.65,29.119999999999997,28.841734117269514,29.525989208633092,2020
2020-10-18,-0.051076429529650615,0.0061519654,0.016271780167736626,29.12,27.67,29.299699172973632,29.59771029668412,2020
2020-10-25,0.06336327352230121,0.0064364923,-0.051076429529650615,27.67,29.48,27.848674287796022,26.29220123626374,2020
2020-11-01,-0.04652001563489282,0.0061940234,0.06336327352230121,29.48,28.14,29.66316478729248,31.408398988073724,2020
2020-11-08,0.002129926257824849,0.008448424,-0.04652001563489282,28.14,28.2,28.37874663591385,26.860909090909093,2020
2020-11-15,0.01443432911795109,0.008266064,0.002129926257824849,28.2,28.610000000000003,28.434068584442137,28.26012793176972,2020
2020-11-22,0.0034891870709537133,0.007955069,0.01443432911795109,28.61,28.71,28.838501889705658,29.025960992907805,2020
2020-11-29,-0.015090653104600534,0.008020536,0.0034891870709537133,28.71,28.28,28.941193209886553,28.810349528137017,2020
2020-12-06,-0.14634295575872291,0.006892597,-0.015090653104600534,28.28,24.43,28.475595898628235,27.85644026471613,2020
2020-12-13,0.0004092490337454726,0.007899917,-0.14634295575872291,24.43,24.44,24.62376000881195,21.104133663366337,2020
2020-12-20,-0.0073922307874905255,0.008738633,0.0004092490337454726,24.44,24.26,24.654507513046266,24.450004093327877,2020
2020-12-27,0.048672385475461474,0.009612375,-0.0073922307874905255,24.26,25.47,24.494319922924042,24.081325695581015,2020
2021-01-03,0.08681504833483225,0.008776868,0.048672385475461474,25.47,27.780000000000005,25.694528435468673,26.740350370981034,2021
2021-01-10,0.010741241831412616,0.009723917,0.08681504833483225,27.78,28.08,28.051444709300995,30.299505300353363,2021
2021-01-17,0.018349138668196617,0.009947353,0.010741241831412616,28.08,28.6,28.360716047286985,28.38323974082073,2021
2021-01-24,-0.0063135951568523245,0.010096106,0.018349138668196617,28.6,28.42,28.89021031856537,29.129629629629633,2021
2021-01-31,-0.014174581760093681,0.008910275,-0.0063135951568523245,28.42,28.02,28.674358859062195,28.24113286713287,2021
2021-02-07,0.011355693353673445,0.01055453,-0.014174581760093681,28.02,28.34,28.317301783561707,27.625629838142153,2021
2021-02-14,-0.06562120535847293,0.010496991,0.011355693353673445,28.34,26.54,28.63905181646347,28.6636545324768,2021
2021-02-21,0.036623290250454583,0.0104258545,-0.06562120535847293,26.54,27.53,26.818149919509885,24.854326040931543,2021
2021-02-28,0.027938779969292237,0.008798769,0.036623290250454583,27.53,28.31,27.773298596143725,28.556929163526757,2021
2021-03-07,0.004229826539100327,0.008729011,0.027938779969292237,28.31,28.430000000000003,28.558197393417355,29.112099527787866,2021
2021-03-14,0.04873991417570271,0.010024939,0.004229826539100327,28.43,29.85,28.71644504189491,28.550508654185805,2021
2021-03-21,0.049029427240318606,0.0096296035,0.04873991417570271,29.85,31.35,30.13883154988289,31.340925079141755,2021
2021-03-28,0.08584110184143923,0.009201823,0.049029427240318606,31.35,34.16,31.639809519052505,32.925376884422114,2021
2021-04-04,0.059659836406336,0.008819139,0.08584110184143923,34.16,36.26,34.462596244812005,37.221869218500785,2021
2021-04-11,-0.06936722253408784,0.008776984,0.059659836406336,36.26,33.83,36.57965533018112,38.48909836065574,2021
2021-04-18,0.0026568281310853504,0.008524217,-0.06936722253408784,33.83,33.92,34.11960704326629,31.562848869277442,2021
2021-04-25,0.05338426715687083,0.008097415,0.0026568281310853504,33.92,35.78,34.195780181884764,34.01023943245641,2021
2021-05-02,0.0052961796269593705,0.008795821,0.05338426715687083,35.78,35.97,36.09610200405121,37.741992924528304,2021
2021-05-09,0.049359259653865055,0.008662987,0.0052961796269593705,35.97,37.79,36.282960913181306,36.16100894354388,2021
2021-05-16,0.10966455039707104,0.008435267,0.049359259653865055,37.79,42.17000000000001,38.11011504292488,39.702087850986935,2021
2021-05-23,0.016929630770320586,0.007227004,0.10966455039707104,42.17,42.89,42.47587120652199,47.057658110611285,2021
2021-05-30,0.129501366436025,0.0086724935,0.016929630770320586,42.89,48.82000000000001,43.26358327269554,43.62229309935974,2021
2021-06-06,0.12010179820387497,0.008090794,0.129501366436025,48.82,55.05,49.21659592151642,55.569885754255075,2021
2021-06-13,-0.01907264856388916,0.008168239,0.12010179820387497,55.05,54.01,55.5015045940876,62.07502048340844,2021
2021-06-20,-0.12801853955041018,0.008058323,-0.01907264856388916,54.01,47.52,54.446987007856364,52.98964759309719,2021
2021-06-27,-0.051160395191395154,0.00782153,-0.12801853955041018,47.52,45.15,47.89313638687134,41.80985743380856,2021
2021-07-04,-0.05907543482960538,0.0072833993,-0.051160395191395154,45.15,42.56,45.48004798293113,42.89820075757575,2021
2021-07-11,-0.037586710517142734,0.008264216,-0.05907543482960538,42.56,40.99,42.9131848526001,40.11857364341086,2021
2021-07-18,-0.039562318212358116,0.0087488,-0.037586710517142734,40.99,39.4,41.35018548965454,39.47791588345865,2021
2021-07-25,-0.04490179459993839,0.007986026,-0.039562318212358116,39.4,37.67,39.71590986251831,37.8716760185411,2021
2021-08-01,0.05324254812255783,0.0074119237,-0.04490179459993839,37.67,39.73,37.95024125337601,36.01596192893401,2021
2021-08-08,0.0519852271089769,0.0070499633,0.05324254812255783,39.73,41.85,40.01108784794807,41.90265197770108,2021
2021-08-15,0.024780028998486865,0.00845085,0.0519852271089769,41.85,42.9,42.20516540408135,44.08312358419331,2021
2021-08-22,-0.06053721304927979,0.008718665,0.024780028998486865,42.9,40.38,43.27566998004913,43.9763440860215,2021
2021-08-29,0.046452473167540684,0.0070817177,-0.06053721304927979,40.38,42.3,40.666976630687714,38.008027972027975,2021
2021-09-05,0.03370452675139125,0.0054328567,0.046452473167540684,42.3,43.75,42.53043458461761,44.311292719167895,2021
2021-09-12,-0.04703171115456866,0.006163688,0.03370452675139125,43.75,41.74,44.02049705386162,45.24970449172577,2021
2021-09-19,0.030670014204474294,0.007184396,-0.04703171115456866,41.74,43.04,42.04095602989197,39.822345142857145,2021
2021-09-26,-0.27444907430323634,0.008086964,0.030670014204474294,43.04,32.71,43.389471988677975,44.38048873981792,2021
2021-10-03,0.02773768420188568,0.007519417,-0.27444907430323634,32.71,33.63,32.95688645005226,24.859296003717475,2021
2021-10-10,-0.028043447848970497,0.007853617,0.02773768420188568,33.63,32.7,33.89515581607819,34.57587587893611,2021
2021-10-17,-0.019765930721800776,0.007115382,-0.028043447848970497,32.7,32.06,32.93350270986557,31.795718108831405,2021
2021-10-24,-0.03459015319629556,0.0075743725,-0.019765930721800776,32.06,30.97,32.303753759860996,31.432525993883797,2021
2021-10-31,-0.00745425587466168,0.008060406,-0.03459015319629556,30.97,30.74,31.220636501312256,29.917058640049902,2021
2021-11-07,0.01837279722786464,0.007921805,-0.00745425587466168,30.74,31.310000000000002,30.984484016895294,30.51170810461737,2021
2021-11-14,-0.05481273491042815,0.007692388,0.01837279722786464,31.31,29.64,31.551780183315277,31.89056929082629,2021
2021-11-21,0.06213178110700618,0.0064107347,-0.05481273491042815,29.64,31.54,29.830624952316285,28.059073778345578,2021
2021-11-28,-0.0022218704585768305,0.008189785,0.06213178110700618,31.54,31.47,31.79936649084091,33.56179487179487,2021
2021-12-05,0.0669783450144214,0.0090406295,-0.0022218704585768305,31.47,33.65,31.755798017978666,31.400155358275203,2021
2021-12-12,0.03761924861517378,0.010113176,0.0669783450144214,33.65,34.940000000000005,33.99203138947487,35.9810136638068,2021
2021-12-19,-0.032875687986115766,0.010028393,0.03761924861517378,34.94,33.81,35.2921570110321,36.27945319465082,2021
2021-12-26,0.08256494903249499,0.009140831,-0.032875687986115766,33.81,36.72,34.12047083258629,32.71654550658272,2021
2022-01-02,0.08054534653810216,0.008569116,0.08256494903249499,36.72,39.79999999999999,37.0360107421875,39.88046140195208,2022
2022-01-09,0.02186965888996732,0.008468523,0.08054534653810216,39.8,40.68,40.13847949504852,43.13834422657951,2022
2022-01-16,-0.03324059631694698,0.0069642817,0.02186965888996732,40.68,39.35,40.964298062324524,41.57945728643217,2022
2022-01-23,-0.06103766771806072,0.005998886,-0.03324059631694698,39.35,37.02,39.58676306605339,38.06348328416912,2022
2022-01-30,-0.06443047727165659,0.0063135535,-0.06103766771806072,37.02,34.71,37.254465072155,34.82796442185515,2022
2022-02-06,0.015153971194283864,0.0027639007,-0.06443047727165659,34.71,35.24,34.80607038259506,32.54414100486223,2022
2022-02-13,0.038958738737950624,0.0075550135,0.015153971194283864,35.24,36.64,35.50724670410156,35.77809276865457,2022
2022-02-20,0.010317767339421911,0.0060707647,0.038958738737950624,36.64,37.02,36.863104305267335,38.095618615209986,2022
2022-02-27,-0.004874095758245295,0.006460864,0.010317767339421911,37.02,36.84,37.25995941638947,37.40394104803494,2022
2022-03-06,0.058258664898588795,0.0075251115,-0.004874095758245295,36.84,39.05,37.11827379226685,36.660875202593196,2022
2022-03-13,0.02353645278655892,0.0071926154,0.058258664898588795,39.05,39.97999999999999,39.33188164830207,41.3925760043431,2022
2022-03-20,0.005985055272252002,0.008685168,0.02353645278655892,39.98,40.22,40.32874636173248,40.9321485275288,2022
2022-03-27,0.02746616990911637,0.00723711,0.005985055272252002,40.22,41.34,40.51213483333588,40.46144072036018,2022
2022-04-03,0.03960209254202271,0.0022241718,0.02746616990911637,41.34,43.010000000000005,41.43204727649689,42.49118846345103,2022
2022-04-10,0.03854085482387826,0.0019836335,0.03960209254202271,43.01,44.7,43.095403629541394,44.747462506047405,2022
2022-04-17,-0.0038103822859122186,0.0010963503,0.03854085482387826,44.7,44.53,44.74903428554535,46.45640548709603,2022
2022-04-24,0.01890836001808464,0.004624208,-0.0038103822859122186,44.53,45.38,44.73639019012451,44.36064653243847,2022
2022-05-01,0.005055511371913435,0.004142382,0.01890836001808464,45.38,45.61000000000001,45.568371775150304,46.24622501684258,2022
2022-05-08,-0.005937345644226037,0.0035622383,0.005055511371913435,45.61,45.34,45.77276609420776,45.8411657117673,2022
2022-05-15,-0.03798636279377182,0.0036176527,-0.005937345644226037,45.34,43.65,45.504321265220646,45.07159833369876,2022
2022-05-22,0.0291249844715718,0.0034198766,-0.03798636279377182,43.65,44.93999999999999,43.79953256249428,42.02299294221437,2022
2022-05-29,-0.0008904720089744386,0.006142409,0.0291249844715718,44.94,44.9,45.216890265941615,46.2681237113402,2022
2022-06-05,0.009089963930838411,0.0035793022,-0.0008904720089744386,44.9,45.31000000000001,45.06099776029587,44.86003560302626,2022
2022-06-12,-0.004202151489243477,0.004839616,0.009089963930838411,45.31,45.12,45.52981427192688,45.72374387527841,2022
2022-06-19,-0.013387080782459296,0.005677885,-0.004202151489243477,45.12,44.52,45.376914710998534,44.93079673361288,2022
2022-06-26,-0.019277158909874578,0.006618764,-0.013387080782459296,44.52,43.67,44.81564274787903,43.92797872340426,2022
2022-07-03,-0.04328667349698215,0.008045444,-0.019277158909874578,43.67,41.82,44.02276534676552,42.83622866127583,2022
2022-07-10,0.04534546411323825,0.006506733,-0.04328667349698215,41.82,43.76,42.09299680709839,40.04837188000916,2022
2022-07-17,-0.005959220019087257,0.0041453745,0.04534546411323825,43.76,43.5,43.94177759170532,45.789995217599234,2022
2022-07-24,-0.012491487894029141,0.0054611997,-0.005959220019087257,43.5,42.96,43.7382110953331,43.241544789762344,2022
2022-07-31,0.01662088123604028,0.0051885233,-0.012491487894029141,42.96,43.68,43.18348028182984,42.426703448275866,2022
2022-08-07,0.07813895247137607,0.0036520218,0.01662088123604028,43.68,47.23,43.83981513977051,44.41206703910614,2022
2022-08-14,0.0627769662758477,0.0045072604,0.07813895247137607,47.23,50.29,47.44335850358009,51.06851877289377,2022
2022-08-21,-0.023539966344986406,0.004741388,0.0627769662758477,50.29,49.12,50.529010062217715,53.54825534617828,2022
2022-08-28,0.06196497625357948,0.0043531405,-0.023539966344986406,49.12,52.26,49.33429008483886,47.977220123284944,2022
2022-09-04,-0.06768161084996245,0.004181492,0.06196497625357948,52.26,48.84,52.47898019313812,55.60072475570033,2022
2022-09-11,-0.0057495024912611005,0.005157213,-0.06768161084996245,48.84,48.56,49.09252548694611,45.64381171067739,2022
2022-09-18,-0.023545206861752502,0.005295382,-0.0057495024912611005,48.56,47.43,48.817821712493895,48.28160524160524,2022
2022-09-25,-0.032136441551788256,0.002720763,-0.023545206861752502,47.43,45.93,47.55922437787056,46.326295304777595,2022
2022-10-02,-0.02848818026464651,0.004608143,-0.032136441551788256,45.93,44.64,46.14213982701302,44.47743833017078,2022
2022-10-09,0.02127739844728488,0.0020186477,-0.02848818026464651,44.64,45.6,44.73019947052002,43.38623122142391,2022
2022-10-16,-0.05522529899090353,0.0058588036,0.02127739844728488,45.6,43.15,45.86794853210449,46.58064516129032,2022
2022-10-23,-0.053552354480680915,0.0047214925,-0.05522529899090353,43.15,40.9,43.35421721339225,40.831633771929816,2022
2022-10-30,-0.023251109268403274,0.0044930936,-0.053552354480680915,40.9,39.96,41.08418292999267,38.76732329084589,2022
2022-11-06,0.021538151551131663,0.0031977529,-0.023251109268403274,39.96,40.830000000000005,40.08798849105835,39.04160391198044,2022
2022-11-13,0.02801438936461753,0.0054631913,0.021538151551131663,40.83,41.99,41.053672606945035,41.718941441441444,2022
2022-11-20,-0.11549344633604726,0.0068071526,0.02801438936461753,41.99,37.41,42.27680575251579,43.182956159686505,2022
2022-11-27,-0.0431525170431923,0.004927488,-0.11549344633604726,37.41,35.83,37.59479325413704,33.32955703738985,2022
2022-12-04,0.1160759944746215,0.00518327,-0.0431525170431923,35.83,40.24,36.01619742274284,34.316730820636195,2022
2022-12-11,0.0037207037838376273,0.0047294777,0.1160759944746215,40.24,40.39,40.430766372680665,45.19278816634107,2022
2022-12-18,-0.03707397225751721,0.005071869,0.0037207037838376273,40.39,38.92,40.595373175144196,40.54055914512922,2022
2022-12-25,0.03161219105338642,0.0039494527,-0.03707397225751721,38.92,40.169999999999995,39.07401237010956,37.50350086655113,2022
2023-01-01,0.01752049752425812,0.0064803194,0.03161219105338642,40.17,40.88,40.43116269350052,41.46014645426516,2023
2023-01-08,-0.0031851062085773,0.0042924816,0.01752049752425812,40.88,40.75,41.05585215568543,41.60254916604431,2023
2023-01-15,0.0857836297513073,0.003212101,-0.0031851062085773,40.75,44.4,40.88110172748566,40.62041340508806,2023
2023-01-22,-0.025317807984289897,0.0038299973,0.0857836297513073,44.4,43.29,44.5703782081604,48.376932515337415,2023
2023-01-29,0.02170769576019012,0.0038075487,-0.025317807984289897,43.29,44.239999999999995,43.45514340519905,42.20775,2023
2023-02-05,0.007207238404949167,0.0042939424,0.02170769576019012,44.24,44.56,44.43037431716919,45.21084777084777,2023
2023-02-12,-0.01674626145170814,0.0067545697,0.007207238404949167,44.56,43.82,44.86200119972229,44.88231464737794,2023
2023-02-19,0.005462007206876641,0.007147745,-0.01674626145170814,43.82,44.06,44.13433399677277,43.092289048473965,2023
2023-02-26,-0.0006811216065346586,0.004654627,0.005462007206876641,44.06,44.03,44.26556166410447,44.30131446827933,2023
2023-03-05,0.07459453492180754,0.004119871,-0.0006811216065346586,44.03,47.44,44.21177592277527,44.000020426690874,2023
2023-03-12,0.14294625046635673,0.0041226847,0.07459453492180754,47.44,54.73,47.635984029769894,51.1140949352714,2023
2023-03-19,0.05751363019581471,0.005561609,0.14294625046635673,54.73,57.97,55.03523399353027,63.14023819561551,2023
2023-03-26,0.07251721546911771,0.0052346974,0.05751363019581471,57.97,62.33,58.2742513358593,61.40180705280468,2023
2023-04-02,0.24908365881144012,0.004794703,0.07251721546911771,62.33,79.96,62.629575440883634,67.01792133862342,2023
2023-04-09,-0.013218547099255669,0.0042642006,0.24908365881144012,79.96,78.91,80.30169270038604,102.5766340446013,2023
2023-04-16,0.03682466085541335,0.004278014,-0.013218547099255669,78.91,81.87000000000002,79.24829692959786,77.87378814407204,2023
2023-04-23,-0.046758517379703955,0.0042724386,0.03682466085541335,81.87,78.13,82.22052811145782,84.94103282220253,2023
2023-04-30,-0.08588335840307823,0.0031482498,-0.046758517379703955,78.13,71.7,78.37635990023612,74.56085134970073,2023
2023-05-07,-0.11501490394338436,0.0033719894,-0.08588335840307823,71.7,63.91,71.94217936992645,65.79918085242545,2023
2023-05-14,-0.016724908625933885,0.0035416728,-0.11501490394338436,63.91,62.85,64.13674672842025,56.966361227336115,2023
2023-05-21,-0.01668577136507442,0.0036891846,-0.016724908625933885,62.85,61.81,63.08229888081551,61.80758097324363,2023
2023-05-28,0.017639969910756323,0.0026104522,-0.01668577136507442,61.81,62.910000000000004,61.971565288305285,60.78720922832141,2023
2023-06-04,0.07160694770420571,0.002275295,0.017639969910756323,62.91,67.58,63.053299612998956,64.02957612036887,2023
2023-06-11,0.051478243249717684,0.0049195457,0.07160694770420571,67.58,71.15,67.91327543973922,72.59666825623907,2023
2023-06-18,0.014511207615208079,0.0049331067,0.051478243249717684,71.15,72.19,71.50185654163361,74.90858981947324,2023
2023-06-25,-0.015917677607960055,0.005056618,0.014511207615208079,72.19,71.05,72.55596678972245,73.24520168657763,2023
2023-07-02,-0.08653807080926533,0.0045128474,-0.015917677607960055,71.05,65.16,71.37136191129684,69.92800249342014,2023
2023-07-09,-0.01999601616034662,0.0037146597,-0.08653807080926533,65.16,63.87,65.40249911785125,59.75827726952849,2023
2023-07-16,0.00031308704075425493,0.0035807525,-0.01999601616034662,63.87,63.89000000000001,64.09911739826202,62.60553867403314,2023
2023-07-23,0.00561886916107725,0.004229161,0.00031308704075425493,63.89,64.25,64.16077404022217,63.91000626272116,2023
2023-07-30,-0.02171262138035954,0.0039877133,0.00561886916107725,64.25,62.87,64.50672096014023,64.6120284864611,2023
2023-08-06,0.0050769583903941444,0.0044551054,-0.02171262138035954,62.87,63.19,63.15072103500366,61.51964046692606,2023
2023-08-13,-0.04897217155310346,0.0043413825,0.0050769583903941444,63.19,60.17,63.464925879240035,63.51162875775409,2023
2023-08-20,-0.021332798574719355,0.0047670407,-0.04897217155310346,60.17,58.9,60.45751543521881,57.2943329640766,2023
2023-08-27,-0.017641975071793686,0.0044421316,-0.021332798574719355,58.9,57.87,59.162222218513485,57.65680571713478,2023
2023-09-03,-0.0736694193708533,0.0042466936,-0.017641975071793686,57.87,53.76,58.11628150463104,56.85801188455008,2023
2023-09-10,0.022257885657674874,0.0047957613,-0.0736694193708533,53.76,54.97,54.018436889648434,49.94189735614308,2023
2023-09-17,0.04517126385309383,0.0057459455,0.022257885657674874,54.97,57.51,55.286762307882306,56.207234002976186,2023
2023-09-24,-0.04480749520593945,0.0067027956,0.04517126385309383,57.51,54.99,57.896772651672364,60.167365835910495,2023
2023-10-01,0.05311923136862586,0.005436039,-0.04480749520593945,54.99,57.99,55.289741953611376,52.58042253521127,2023
2023-10-08,0.016079716961472788,0.007849406,0.05311923136862586,57.99,58.93000000000001,58.4469803416729,61.15366612111293,2023
2023-10-15,0.016493137246011445,0.010076003,0.016079716961472788,58.93,59.90999999999999,59.52678809165955,59.88523710984653,2023
2023-10-22,-0.01785160238954775,0.009186121,0.016493137246011445,59.91,58.85,60.46287751436233,60.90629730188358,2023
2023-10-29,-0.015411263920525,0.0075889146,-0.01785160238954775,58.85,57.95,59.298302352428436,57.80875479886497,2023
2023-11-05,-0.022335599604232804,0.0069755595,-0.015411263920525,57.95,56.67,58.35564823150635,57.06376380628718,2023
2023-11-12,-0.03757745490133558,0.004982888,-0.022335599604232804,56.67,54.58,56.95308626174927,55.418272648835206,2023
2023-11-19,-0.09547508896723492,0.003836941,-0.03757745490133558,54.58,49.61,54.78982628107071,52.5670795835539,2023
2023-11-26,-0.07750946805182687,0.0034039945,-0.09547508896723492,49.61,45.91,49.77915736556053,45.09256320996702,2023
2023-12-03,0.048676062795424024,0.0014567487,-0.07750946805182687,45.91,48.2,45.97692807555198,42.48595242894577,2023
2023-12-10,0.019924660367293318,0.0017378832,0.048676062795424024,48.2,49.17,48.28383824825287,50.60422565889785,2023
2023-12-17,-0.05669195408158497,0.0030171778,0.019924660367293318,49.17,46.46,49.31857782840729,50.159520746887964,2023
2023-12-24,-0.022859382232403434,0.00383972,-0.05669195408158497,46.46,45.41,46.63873175859452,43.89936139922717,2023
2023-12-31,0.012039107870695334,0.0043595536,-0.022859382232403434,45.41,45.96,45.60839721918106,44.383730090400334,2023
2024-01-07,0.019179555703876257,0.0037867888,0.012039107870695334,45.96,46.85,46.134370164871214,46.51666152829774,2024
2024-01-14,0.013357561057035902,0.0043418696,0.019179555703876257,46.85,47.47999999999999,47.053856450319294,47.75723455178416,2024
2024-01-21,-0.01720700977974291,0.0046446463,0.013357561057035902,47.48,46.67,47.701042208671566,48.11847171824972,2024
2024-01-28,-0.03666131710864333,0.005056473,-0.01720700977974291,46.67,44.99,46.906582169532776,45.87381844987364,2024
2024-02-04,0.0013327412012658945,0.0044131014,-0.03666131710864333,44.99,45.05,45.188981045484546,43.37047568030855,2024
2024-02-11,-0.07463743868587312,0.00396206,0.0013327412012658945,45.05,41.81,45.228844344615936,45.11008001778172,2024
2024-02-18,-0.04001509699728277,0.0032529044,-0.07463743868587312,41.81,40.17,41.94622154116631,38.803021087680364,2024
2024-02-25,0.00966191091173689,0.0036298698,-0.04001509699728277,40.17,40.56,40.316077376604085,38.59432910786894,2024
2024-03-03,0.07548065596569407,0.0031120174,0.00966191091173689,40.56,43.74,40.68641927719116,40.95378640776699,2024
2024-03-10,0.006153865574378066,0.0021455085,0.07548065596569407,43.74,44.00999999999999,43.83394971370697,47.16931952662722,2024
2024-03-17,-0.022984234027355045,0.0027279833,0.006153865574378066,44.01,43.01,44.130221275091166,44.28166666666666,2024
2024-03-24,-0.028297101427171182,0.0027868166,-0.022984234027355045,43.01,41.81,43.13002755403519,42.03272210861168,2024
2024-03-31,0.05626774651176155,0.004994909,-0.028297101427171182,41.81,44.23,42.019363801479344,40.64348058591026,2024
2024-04-07,0.07027323317570153,0.005261685,0.05626774651176155,44.23,47.449999999999996,44.46334010243415,46.79007175316909,2024
2024-04-14,0.05514256767421039,0.005663223,0.07027323317570153,47.45,50.14,47.71948040127754,50.904420076870906,2024
2024-04-21,-0.05009736042001444,0.0060118684,0.05514256767421039,50.14,47.69,50.44234236955643,52.98249947312961,2024
2024-04-28,-0.025054389074127298,0.006172816,-0.05009736042001444,47.69,46.51,47.98528931260109,45.35971479856401,2024
2024-05-05,0.0334069120535657,0.0060963063,-0.025054389074127298,46.51,48.09,46.79440677642822,45.35919689662403,2024
2024-05-12,0.01895010363188469,0.0057048793,0.0334069120535657,48.09,49.01,48.36513305783272,49.72367447860676,2024
2024-05-19,-0.018742181809740525,0.005870603,0.01895010363188469,49.01,48.1,49.29856431365013,49.94760033270949,2024
2024-05-26,-0.0597544184326687,0.004355152,-0.018742181809740525,48.1,45.31,48.30993772745133,47.20689655172414,2024
2024-06-02,0.07563595260301659,0.003684348,-0.0597544184326687,45.31,48.87,45.47724270939827,42.6818316008316,2024
2024-06-09,-0.0030740878804218614,0.0034552496,0.07563595260301659,48.87,48.72,49.03915088295936,52.709708673581986,2024
2024-06-16,-0.011560822401076084,0.0032851093,-0.0030740878804218614,48.72,48.16,48.88031481742859,48.57046040515654,2024
2024-06-23,-0.04003499808165722,0.0030561069,-0.011560822401076084,48.16,46.27,48.307403240203854,47.60643678160919,2024
2024-06-30,0.02391743306058872,0.0020424114,-0.04003499808165722,46.27,47.39,46.36459620714188,44.45417151162792,2024
2024-07-07,0.02726779410904727,0.0013836975,0.02391743306058872,47.39,48.7,47.455616947412494,48.5371104387292,2024
2024-07-14,0.019117930247862295,0.0013578311,0.02726779410904727,48.7,49.64,48.766176807880406,50.046212281071966,2024
2024-07-21,0.004422117759005382,0.0016440513,0.019117930247862295,49.64,49.86,49.72167993068695,50.598143737166325,2024
2024-07-28,0.006198160400749845,0.002227339,0.004422117759005382,49.86,50.17,49.97117831468582,50.08097502014505,2024
2024-08-04,0.041579132574715565,0.00249435,0.006198160400749845,50.17,52.3,50.29529629468918,50.481927396710795,2024
2024-08-11,0.02604412159254921,0.0023288282,0.041579132574715565,52.3,53.68,52.42194343805313,54.520430536176995,2024
2024-08-18,-0.02757492939244357,0.0012691828,0.02604412159254921,53.68,52.22,53.74817019462586,55.09641300191205,2024
2024-08-25,-0.014855100990924072,0.0007852129,-0.02757492939244357,52.22,51.45,52.26101724386215,50.799709388971685,2024
2024-09-01,0.09645803212231167,0.0008709243,-0.014855100990924072,51.45,56.65999999999999,51.49482842087746,50.69135388739947,2024
2024-09-08,0.0014109349783349007,0.0010905783,0.09645803212231167,56.66,56.74,56.721823008060454,62.397582118561694,2024
2024-09-15,0.038549410631707456,0.000923438,0.0014109349783349007,56.74,58.97,56.792420496940615,56.82011295446524,2024
2024-09-22,-0.010398116357827832,0.0006448871,0.038549410631707456,58.97,58.36,59.008038095235825,61.287643637645395,2024
2024-09-29,0.015303818490834167,0.0001087018,-0.010398116357827832,58.36,59.25999999999999,58.36634483337402,57.75630998812956,2024
2024-10-06,-0.05052977969719253,0.00026894847,0.015303818490834167,59.26,56.34,59.27594422101974,60.173879369431106,2024
2024-10-13,-0.04408877298464935,0.0005099683,-0.05052977969719253,56.34,53.91,56.36873883962632,53.56388120148499,2024
2024-10-20,-0.024980170161842136,0.0011409228,-0.04408877298464935,53.91,52.58,53.97154086112976,51.584808306709256,2024
2024-10-27,0.03200422861562466,0.00047740623,-0.024980170161842136,52.58,54.290000000000006,52.60510970592499,51.282812094231126,2024
2024-11-03,0.025280968108804522,0.0002485581,0.03200422861562466,54.29,55.68,54.303493853807446,56.05561240015216,2024
2024-11-10,0.029377444429059613,0.0005819496,0.025280968108804522,55.68,57.34,55.7124112701416,57.10558850617057,2024
2024-11-17,-0.009462134728118209,0.0011136641,0.029377444429059613,57.34,56.8,57.40389105081559,59.049489942528744,2024
2024-11-24,-0.021892838435275723,0.00065340294,-0.009462134728118209,56.8,55.57,56.83712587356567,56.26508545517962,2024
2024-12-01,-0.006137203378733757,8.740347e-05,-0.021892838435275723,55.57,55.23,55.57485572934151,54.366635563380285,2024
2024-12-08,0.03731776300719528,0.0008707327,-0.006137203378733757,55.23,57.330000000000005,55.27811535358428,54.89208025913262,2024
2024-12-15,-0.021688234391640682,0.0011226083,0.03731776300719528,57.33,56.1,57.39439247846603,59.50984790874525,2024
2024-12-22,-0.004645354074533602,0.0007556757,-0.021688234391640682,56.1,55.84,56.14241302013397,54.89638932496076,2024
2024-12-29,-0.00917520154409873,0.0005560811,-0.004645354074533602,55.84,55.33,55.87105991363526,55.58120499108735,2024
2025-01-05,0.01042799812853549,0.0012449862,-0.00917520154409873,55.33,55.91,55.398926632404326,54.82465795128939,2025
2025-01-12,0.023684387395795203,0.0011106939,0.01042799812853549,55.91,57.25,55.9721377146244,56.49607988433037,2025
2025-01-19,-0.017799394931939508,0.0014184472,0.023684387395795203,57.25,56.24,57.331262081861496,58.62211590055447,2025
2025-01-26,-0.007137789048292406,0.0012683845,-0.017799394931939508,56.24,55.84,56.311374301910405,55.24781834061136,2025
2025-02-02,0.010333247119733203,0.0017441327,-0.007137789048292406,55.84,56.42,55.937479934692384,55.44284495021338,2025
2025-02-09,0.017046366546421044,0.0012589195,0.010333247119733203,56.42,57.39000000000001,56.4910781288147,57.00602435530086,2025
2025-02-16,0.021887991429033724,0.0007057147,0.017046366546421044,57.39,58.66,57.430521737337116,58.37667671038639,2025
2025-02-23,0.010851242454374702,0.00071418507,0.021887991429033724,58.66,59.29999999999999,58.701907951831814,59.95810419933785,2025
2025-03-02,0.025309376245538858,-0.00015020005,0.010851242454374702,59.3,60.82,59.29108938574791,59.94698261166041,2025
2025-03-09,-0.0008224361019546789,0.0014996594,0.025309376245538858,60.82,60.77,60.911281390190126,62.378961214165265,2025
2025-03-16,-0.015254814143281776,0.0014852784,-0.0008224361019546789,60.77,59.85,60.86032978177071,60.720041104899714,2025
2025-03-23,0.006993035490970604,0.002340981,-0.015254814143281776,59.85,60.27,59.9902748644352,58.94392792496297,2025
2025-03-30,-0.03391871596366427,0.0023272866,0.006993035490970604,60.27,58.26,60.410425819158554,60.69294736842106,2025
2025-04-06,-0.048532730778899635,0.002724079,-0.03391871596366427,58.26,55.5,58.418918538093564,56.31703334992533,2025
2025-04-13,0.0009004953332501659,0.002109755,-0.048532730778899635,55.5,55.55,55.6172177195549,52.87075180226571,2025
2025-04-20,0.0032350854958060095,0.0021804397,0.0009004953332501659,55.55,55.73,55.67125683426857,55.60004504504504,2025
2025-04-27,0.045426486118957735,0.0025581487,0.0032350854958060095,55.73,58.32,55.87274960875511,55.91058325832583,2025
2025-05-04,0.04148021406022846,0.003070128,0.045426486118957735,58.32,60.790000000000006,58.49932725906372,61.030367844966804,2025
2025-05-11,0.028221139818575495,0.002914852,0.04148021406022846,60.79,62.53,60.96745799064636,63.36461076817559,2025
2025-05-18,-0.07623844923800221,0.002995836,0.028221139818575495,62.53,57.94,62.71761367440224,64.3198042441191,2025
2025-05-25,0.04637094750655942,0.004015368,-0.07623844923800221,57.94,60.69,58.17311769247055,53.68692787462018,2025
2025-06-01,0.01146801559164129,0.004219788,0.04637094750655942,60.69,61.39,60.94664047837257,63.570522954780806,2025
2025-06-08,-0.03312109341163614,0.0030446611,0.01146801559164129,61.39,59.39,61.577201046943664,62.098073817762405,2025
2025-06-15,0.03977750243587618,0.0033129172,-0.03312109341163614,59.39,61.8,59.587074418067935,57.455157191725036,2025
2025-06-22,-0.00502880449826672,0.0035156496,0.03977750243587618,61.8,61.49,62.01765460968017,64.30779592523993,2025
2025-06-29,-0.004400626448111887,0.0031670192,-0.00502880449826672,61.49,61.22,61.68504873871804,61.181555016181235,2025
2025-07-06,0.013788846908294888,0.00291033,-0.004400626448111887,61.22,62.07,61.398428623676296,60.951185558627415,2025
2025-07-13,0.09754854453884503,0.0030802756,0.013788846908294888,62.07,68.43,62.261487017869946,62.93180169879125,2025
2025-07-20,0.020825047599952826,0.002444117,0.09754854453884503,68.43,69.86999999999999,68.59745698928833,75.44167713871437,2025
2025-07-27,0.01336386109932317,0.0025164096,0.020825047599952826,69.87,70.81,70.04603664994241,71.34030249890398,2025
2025-08-03,-0.13609686920003763,0.0022390492,0.01336386109932317,70.81,61.8,70.96872850894928,71.76264634320881,2025
2025-08-10,0.0901483071232034,0.0022253916,-0.13609686920003763,61.8,67.63,61.937684369087215,53.93644965400366,2025
2025-08-17,-0.17258059897181605,0.002594036,0.0901483071232034,67.63,56.91,67.80565756320954,74.00998220064724,2025
2025-08-24,0.009443931679732284,0.0027049168,-0.17258059897181605,56.91,57.45,57.06414382338524,47.889222238651485,2025
2025-08-31,0.03841701610379179,0.0028628663,0.009443931679732284,57.45,59.70000000000001,57.614708197116855,57.99512387981024,2025
2025-09-07,-0.029406385046915003,0.0023889705,0.03841701610379179,59.7,57.97,59.84279136657715,62.03812010443865,2025
2025-09-14,-0.08944506035192679,0.0010065794,-0.029406385046915003,57.97,53.01,58.028380432128905,56.290132328308204,2025
2025-09-21,0.06145652709376885,0.00030688275,-0.08944506035192679,53.01,56.37,53.02627215743065,48.47438502673796,2025
2025-09-28,-0.03336949526515163,-0.00032315744,0.06145652709376885,56.37,54.52,56.35178926706314,59.94297113752122,2025
2025-10-05,-0.10531975672651991,-0.003044334,-0.03336949526515163,54.52,49.07,54.35427784204483,52.730714919283315,2025
2025-10-12,0.0679461993327835,-0.0033838935,-0.10531975672651991,49.07,52.52,48.90423111498356,44.164800073367566,2025
2025-10-19,-0.05901938006126391,-0.0037293183,0.0679461993327835,52.52,49.51,52.32449801445008,56.21256164662728,2025
2025-10-26,0.11510884671230733,-0.0032486105,-0.05901938006126391,49.51,55.55,49.34942287325859,46.67250761614622,2025
