date,y_true,y_pred,fold,train_size,log_likelihood,aic,bic,r2_train
2016-01-03,0.05009783698277691,0.02501950633360891,0,78,35.5014,-23.0028,33.5582,0.1992
2016-01-10,0.050952327173927205,0.014840829579725923,1,79,36.2004,-24.4009,32.4659,0.1967
2016-01-17,0.03188367840522198,0.1727378867217501,2,80,36.3533,-24.7066,32.462,0.1836
2016-01-24,0.04098934453319695,0.2782844425539117,3,81,37.2846,-26.5693,30.8975,0.1845
2016-01-31,0.16952245987511227,0.3226897133163511,4,82,38.2294,-28.4589,29.3024,0.1849
2016-02-07,-0.13401577141820242,0.284512760582582,5,83,39.1859,-30.3719,27.6803,0.1847
2016-02-14,0.03895979658919049,0.3072987857261692,6,84,39.7472,-31.4944,26.8452,0.1803
2016-02-21,-0.17804367432849882,0.2698887889034418,7,85,40.4795,-32.959,25.6647,0.177
2016-02-28,0.07506201897437736,0.24731266696826362,8,86,40.9855,-33.971,24.9333,0.1774
2016-03-06,0.04346313174389439,0.22861106290299169,9,87,41.3924,-34.7848,24.397,0.1794
2016-03-13,0.03880215185647981,0.3176857579557141,10,88,42.3064,-36.6127,22.8434,0.1796
2016-03-20,0.10640659059511731,0.2979570044649492,11,89,43.2899,-38.5797,21.1476,0.1797
2016-03-27,-0.017256683623312674,0.5471940722210623,12,90,43.4724,-38.9448,21.0507,0.196
2016-04-03,-0.08156693224734929,0.38984458810493855,13,91,43.9979,-39.9958,20.2649,0.188
2016-04-10,0.06666091316172185,0.23132508034640095,14,92,44.7,-41.4001,19.1228,0.1832
2016-04-17,0.027016893755536155,0.2823076208088103,15,93,45.6584,-43.3168,17.4656,0.1829
2016-04-24,-0.05115753856681123,0.32281309381783446,16,94,46.5288,-45.0576,15.9815,0.1811
2016-05-01,-0.028455338883043205,0.17466587591144522,17,95,47.5201,-47.0401,14.2529,0.1811
2016-05-08,-0.058473770820126524,0.22035268937355412,18,96,48.2138,-48.4276,13.1168,0.1814
2016-05-15,0.011776387323825119,0.11984602370041704,19,97,49.0732,-50.1464,11.6467,0.1818
2016-05-22,-0.019705071079332333,0.10926853405431561,20,98,50.0398,-52.0796,9.9596,0.1817
2016-05-29,0.025541663523783772,0.07829253949766972,21,99,50.3152,-52.6304,9.6525,0.1776
2016-06-05,0.02962471778492409,0.10769881768596563,22,100,51.0768,-54.1536,8.3705,0.1738
2016-06-12,0.03787981745161839,0.06680988128567031,23,101,51.9443,-55.8886,6.8743,0.1714
2016-06-19,-0.10103824929166398,0.061140552971537726,24,102,52.7274,-57.4548,5.5446,0.1732
2016-06-26,-0.15951442047747622,0.018053451927385333,25,103,53.6443,-59.2885,3.945,0.1737
2016-07-03,0.07587112277210274,-0.03352122927747248,26,104,54.6581,-61.3162,2.1492,0.1735
2016-07-10,-0.032135729264294706,0.023535101852351192,27,104,58.6686,-69.3371,-5.8717,0.1982
2016-07-17,0.012311291479450249,0.13935753516600338,28,104,60.9542,-73.9085,-10.4431,0.2286
2016-07-24,-0.013438052162040926,0.16302738638205783,29,104,64.6486,-81.2972,-17.8318,0.281
2016-07-31,0.03652868773350648,0.2098416046267978,30,104,65.0893,-82.1787,-18.7133,0.284
2016-08-07,0.047754431295900034,0.15926034611850537,31,104,73.5553,-99.1106,-35.6452,0.3926
2016-08-14,-0.011464429890699486,0.12362294803764312,32,104,75.1022,-102.2044,-38.739,0.2784
2016-08-21,-0.08758329579275097,0.1781672893196037,33,104,75.3874,-102.7747,-39.3093,0.2451
2016-08-28,0.06317890162153167,0.19304480481678157,34,104,74.8028,-101.6057,-38.1403,0.2535
2016-09-04,-0.011885607233981197,0.12873560050182523,35,104,83.271,-118.5419,-55.0765,0.2179
2016-09-11,0.02681125745065677,0.18533676384586467,36,104,83.4689,-118.9379,-55.4725,0.2208
2016-09-18,0.0,0.14761030008583675,37,104,83.2814,-118.5628,-55.0974,0.2179
2016-09-25,-0.007434978487517866,0.09291398404990947,38,104,85.4016,-122.8032,-59.3378,0.2192
2016-10-02,0.05092009042725674,0.05700676388107999,39,104,91.6824,-135.3647,-71.8993,0.2495
2016-10-09,-0.016343571142156486,0.025434987863588075,40,104,95.5948,-143.1897,-79.7243,0.3003
2016-10-16,0.028428310357228544,0.11465924020824189,41,104,96.5384,-145.0769,-81.6115,0.3139
2016-10-23,-0.03878036967826106,0.11553178457361685,42,104,98.3589,-148.7178,-85.2524,0.3373
2016-10-30,-0.02209453370624287,0.208969461854628,43,104,102.6466,-157.2932,-93.8278,0.3888
2016-11-06,0.017923516188904736,0.20063831587551675,44,104,102.6773,-157.3547,-93.8893,0.3583
2016-11-13,0.00521105921275207,0.15854546739503883,45,104,102.4894,-156.9788,-93.5134,0.3363
2016-11-20,-0.029538012436863756,0.05093442334002832,46,104,102.6186,-157.2373,-93.7719,0.3372
2016-11-27,-0.03597118062050475,-0.030184443278660364,47,104,102.5496,-157.0992,-93.6338,0.3295
2016-12-04,-0.09054905693126798,-0.03474809128316121,48,104,103.0872,-158.1744,-94.7091,0.3349
2016-12-11,0.06355079169511317,0.07722823386263562,49,104,103.5893,-159.1786,-95.7132,0.3413
2016-12-18,-0.07577588282437234,0.15100269187353965,50,104,103.7802,-159.5604,-96.095,0.3427
2016-12-25,0.10166365377650005,0.04311784611682767,51,104,105.9306,-163.8613,-100.3959,0.3668
2017-01-01,0.02955880224154443,0.07517568828300415,52,104,105.6334,-163.2669,-99.8015,0.3612
2017-01-08,0.02871010588243136,-0.0798175405380431,53,104,103.5432,-159.0865,-95.6211,0.337
2017-01-15,0.0031397200046678463,-0.15694445288961714,54,104,104.5657,-161.1315,-97.6661,0.3475
2017-01-22,0.01039510400033997,-0.1890994338062379,55,104,103.9926,-159.9853,-96.5199,0.334
2017-01-29,0.006185586732710744,-0.1895099818572573,56,104,102.5491,-157.0982,-93.6329,0.2888
2017-02-05,0.07520852621029202,-0.17513193509938607,57,104,102.8831,-157.7662,-94.3008,0.282
2017-02-12,-0.016338662354789105,-0.1211475519664555,58,104,105.5063,-163.0127,-99.5473,0.286
2017-02-19,-0.024523053322945795,-0.06936158726653004,59,104,105.7129,-163.4259,-99.9605,0.2763
2017-02-26,0.07368228928102923,-0.01779498526446715,60,104,106.2039,-164.4077,-100.9423,0.2747
2017-03-05,0.0746349813885809,-0.04644456429489872,61,104,106.7083,-165.4165,-101.9511,0.2748
2017-03-12,-0.03130690462504402,0.011294078487723552,62,104,106.6155,-165.2311,-101.7657,0.2695
2017-03-19,-0.18055633126938556,-0.11242107983562592,63,104,106.7128,-165.4256,-101.9603,0.2711
2017-03-26,-0.0257248912384357,-0.04748339650021494,64,104,106.68,-165.3599,-101.8946,0.2707
2017-04-02,-0.030873455378807927,-0.05825546882374226,65,104,107.5069,-167.0138,-103.5485,0.282
2017-04-09,0.014452725166480355,-0.0136303541375825,66,104,107.7405,-167.481,-104.0157,0.2864
2017-04-16,0.02829350864261178,0.06758579001776081,67,104,107.8407,-167.6815,-104.2161,0.2837
2017-04-23,-0.002148228538289495,0.057202772692509264,68,104,107.8132,-167.6263,-104.1609,0.2833
2017-04-30,0.06956618381453669,0.0416255097938153,69,104,107.2603,-166.5205,-103.0552,0.2752
2017-05-07,-0.002008032803245746,0.025181725839263234,70,104,106.7901,-165.5802,-102.1148,0.2691
2017-05-14,0.059500727107614074,0.03094065972889004,71,104,106.5062,-165.0125,-101.5471,0.2648
2017-05-21,-0.0009474183560399392,0.058833446860584206,72,104,110.6601,-173.3202,-109.8548,0.268
2017-05-28,-0.07476440337965669,-0.010602295795317563,73,104,110.7463,-173.4927,-110.0273,0.2693
2017-06-04,0.05562506316895912,-0.009652965833281036,74,104,110.8956,-173.7911,-110.3258,0.2717
2017-06-11,-0.08674790708954147,0.060313561550262546,75,104,110.7863,-173.5727,-110.1073,0.2651
2017-06-18,0.06526270563875558,0.028647623103082404,76,104,110.8728,-173.7456,-110.2802,0.2664
2017-06-25,-0.02296656112004776,-0.012805860027086089,77,104,109.8167,-171.6334,-108.168,0.2558
2017-07-02,0.011049836186584935,-0.13197873545393535,78,104,110.7873,-173.5747,-110.1093,0.2661
2017-07-09,-0.006012042156627834,-0.01767065299617997,79,104,115.7749,-183.5498,-120.0844,0.3207
2017-07-16,-0.00503779402995707,0.05921828399796044,80,104,117.8418,-187.6836,-124.2183,0.2665
2017-07-23,-0.007095822981469105,-0.00039948826624806085,81,104,118.8943,-189.7886,-126.3232,0.2604
2017-07-30,0.10698686283475993,-0.03314830545392656,82,104,118.9576,-189.9151,-126.4498,0.26
2017-08-06,0.0490512948668293,0.009200884196387114,83,104,119.2438,-190.4876,-127.0222,0.2629
2017-08-13,-0.03003759395453655,0.006128371417027124,84,104,118.9218,-189.8436,-126.3782,0.2591
2017-08-20,0.08588967188042973,0.08493299009626665,85,104,119.7292,-191.4584,-127.993,0.271
2017-08-27,-0.048049697641708314,0.05763159307552369,86,104,119.2415,-190.4829,-127.0175,0.2573
2017-09-03,0.022204157311010372,0.026350894904086798,87,104,121.8139,-195.6278,-132.1625,0.2805
2017-09-10,-0.03436764350420777,0.07502998486641028,88,104,121.8383,-195.6765,-132.2111,0.2727
2017-09-17,-0.11964228046385543,-0.06273535058265543,89,104,121.6607,-195.3215,-131.8561,0.2651
2017-09-24,-0.046379279585121606,0.03922671093783148,90,104,119.942,-191.884,-128.4186,0.2726
2017-10-01,0.03249016742445436,-0.012481419563309984,91,104,119.9184,-191.8367,-128.3713,0.2718
2017-10-08,-0.06393930010695757,-0.09692498242037481,92,104,120.1091,-192.2183,-128.7529,0.2684
2017-10-15,0.033510989083062076,-0.03319868607912301,93,104,120.4305,-192.861,-129.3956,0.2729
2017-10-22,0.0010293361691140592,0.02489683018420885,94,104,127.2415,-206.483,-143.0176,0.2393
2017-10-29,-0.02500130220541727,0.03205321443733232,95,104,127.1557,-206.3114,-142.846,0.2305
2017-11-05,-0.017021687569430635,0.035941607211098514,96,104,128.0205,-208.041,-144.5757,0.225
2017-11-12,0.03583101952692677,0.019256950992584388,97,104,129.47,-210.94,-147.4746,0.2422
2017-11-19,-0.07634011593766275,0.03354193421388679,98,104,129.6052,-211.2103,-147.7449,0.2457
2017-11-26,0.02754995176823065,0.053429162133177735,99,104,129.7997,-211.5993,-148.134,0.2484
2017-12-03,0.03629000140520043,0.03481752871449518,100,104,129.8481,-211.6963,-148.2309,0.2416
2017-12-10,0.05008711651364896,0.026241856599651895,101,104,129.8602,-211.7204,-148.2551,0.2426
2017-12-17,0.030439267106438957,0.06048417775087909,102,104,127.5876,-207.1752,-143.7099,0.2178
2017-12-24,0.04352626504989093,0.03869439935704875,103,104,127.6821,-207.3641,-143.8987,0.223
2017-12-31,0.0009254975209429712,-0.00806299180462355,104,104,135.3502,-222.7004,-159.235,0.2024
2018-01-07,-0.006496542570398315,0.06498776797051976,105,104,141.1618,-234.3236,-170.8582,0.2641
2018-01-14,-0.010294896726861973,0.05034603749572321,106,104,141.3224,-234.6448,-171.1794,0.2626
2018-01-21,-0.045221750203520795,0.05262167716889381,107,104,141.0544,-234.1088,-170.6434,0.2582
2018-01-28,0.023347363996991107,0.03189863865719838,108,104,140.7516,-233.5033,-170.0379,0.254
2018-02-04,0.10401345493262637,0.008792671269246839,109,104,141.2398,-234.4797,-171.0143,0.2739
2018-02-11,-0.021901882918382895,-0.05395057869512861,110,104,141.0354,-234.0708,-170.6054,0.2685
2018-02-18,-0.10447516810110194,-0.027819944211329058,111,104,140.8832,-233.7665,-170.3011,0.2671
2018-02-25,-0.040125744005777286,0.0007737572250753966,112,104,143.5583,-239.1166,-175.6513,0.2908
2018-03-04,0.019260605541815655,-0.03883744885584873,113,104,149.4798,-250.9595,-187.4941,0.3037
2018-03-11,0.034537226432361685,-0.04624387526125284,114,104,150.0697,-252.1395,-188.6741,0.311
2018-03-18,-0.0038872740884017677,-0.016906535934879938,115,104,153.7336,-259.4671,-196.0017,0.3574
2018-03-25,-0.01966631720999592,-0.018426579580644524,116,104,160.1313,-272.2625,-208.7972,0.3569
2018-04-01,0.052236245895420794,-0.03996670832956632,117,104,159.7638,-271.5275,-208.0621,0.3519
2018-04-08,0.03245532889397787,-0.03381648565504782,118,104,160.6274,-273.2548,-209.7894,0.3582
2018-04-15,0.01628995297926855,-0.09165478795113063,119,104,160.7504,-273.5007,-210.0354,0.3662
2018-04-22,0.013375143662432462,-0.09003757904571791,120,104,161.2428,-274.4856,-211.0202,0.367
2018-04-29,0.03993586242859743,-0.10851369710710046,121,104,161.3731,-274.7463,-211.2809,0.3638
2018-05-06,0.004246290881451224,-0.11118943032791603,122,104,162.0785,-276.1571,-212.6917,0.3601
2018-05-13,-0.01623273576181908,-0.13067863766825855,123,104,163.6864,-279.3728,-215.9074,0.3546
2018-05-20,-0.0043159324655685895,-0.12069697470672183,124,104,164.6977,-281.3954,-217.93,0.3687
2018-05-27,0.011182912239745529,-0.06965713889326523,125,104,161.9207,-275.8414,-212.376,0.319
2018-06-03,0.10004272287047888,-0.07828608425108705,126,104,161.9013,-275.8027,-212.3373,0.3128
2018-06-10,-0.03785941104342239,-0.08328334514679528,127,104,161.8866,-275.7733,-212.3079,0.3127
2018-06-17,-0.051124075333081186,-0.021204169238188682,128,104,161.0176,-274.0352,-210.5698,0.2879
2018-06-24,-0.0810302227428541,-0.055254985379600254,129,104,162.5096,-277.0192,-213.5539,0.2855
2018-07-01,0.050099922051495493,-0.01907747372556378,130,104,164.5208,-281.0415,-217.5762,0.3137
2018-07-08,0.01214238682572534,-0.04486762370956748,131,104,166.2868,-284.5736,-221.1082,0.3326
2018-07-15,-0.023551023072403976,-0.04320355749516779,132,104,165.6022,-283.2044,-219.739,0.3194
2018-07-22,-0.03046830662438493,-0.010666853990612471,133,104,165.3791,-282.7582,-219.2929,0.315
2018-07-29,0.10198813858390574,0.008438038181384088,134,104,164.4153,-280.8307,-217.3653,0.3031
2018-08-05,-0.1352937146455792,0.013565823853352098,135,104,168.6778,-289.3557,-225.8903,0.3046
2018-08-12,-0.09568654412942994,0.06914536769210516,136,104,166.5034,-285.0067,-221.5413,0.2595
2018-08-19,-0.005189425242225608,0.043070768443152135,137,104,167.0816,-286.1632,-222.6978,0.2657
2018-08-26,0.09426905529591449,0.01782851687698554,138,104,169.7516,-291.5033,-228.0379,0.2558
2018-09-02,0.015037877364540502,0.02297276589505623,139,104,171.8061,-295.6122,-232.1468,0.2756
2018-09-09,-0.06752805998593724,0.017216769521980313,140,104,170.774,-293.5481,-230.0827,0.2574
2018-09-16,0.027560799578871416,0.013323038071051906,141,104,171.4861,-294.9722,-231.5068,0.2668
2018-09-23,0.03341599691984402,-0.0033751537440342427,142,104,176.8841,-305.7681,-242.3028,0.3134
2018-09-30,0.04228571149610438,-0.0015582578886056773,143,104,178.9768,-309.9537,-246.4883,0.3407
2018-10-07,0.034501431717665745,0.009439253151935957,144,104,177.2831,-306.5662,-243.1008,0.3101
2018-10-14,0.0425596144187959,0.009529159450262135,145,104,180.0185,-312.0369,-248.5716,0.3377
2018-10-21,-0.006688988150796652,0.0008284773729055174,146,104,184.0835,-320.1669,-256.7015,0.3865
2018-10-28,-0.009271031427932681,-0.04564564517764837,147,104,185.7964,-323.5928,-260.1274,0.4014
2018-11-04,-0.032705152402551736,0.0311382571913484,148,104,181.955,-315.91,-252.4447,0.3571
2018-11-11,0.030161700416721282,0.034392883580178245,149,104,180.0362,-312.0724,-248.607,0.3246
2018-11-18,0.057724184717840965,-0.013194194912397959,150,104,178.6286,-309.2573,-245.7919,0.3065
2018-11-25,-0.06882118292957203,-0.07887595187132902,151,104,178.8312,-309.6624,-246.197,0.3082
2018-12-02,0.06480672551091012,-0.08793096741734507,152,104,178.8307,-309.6614,-246.196,0.307
2018-12-09,-0.17734602289574214,-0.10661552486782677,153,104,176.585,-305.17,-241.7046,0.2986
2018-12-16,0.03677925150329649,-0.03815809159327072,154,104,177.6125,-307.225,-243.7596,0.3128
2018-12-23,-0.013047715392475632,-0.006671154235458665,155,104,177.8423,-307.6846,-244.2192,0.2972
2018-12-30,0.04224687008473772,-0.0012689512646435466,156,104,184.0608,-320.1217,-256.6563,0.3311
2019-01-06,0.04139736852922409,0.021999198739633817,157,104,184.2256,-320.4512,-256.9858,0.3252
2019-01-13,0.036429271755401185,0.03777369524273413,158,104,184.191,-320.382,-256.9166,0.3219
2019-01-20,0.028702257297334985,0.03510829193922524,159,104,184.1864,-320.3729,-256.9075,0.3234
2019-01-27,0.04582160174115021,0.013269296602614871,160,104,183.8703,-319.7407,-256.2753,0.3214
2019-02-03,0.038626536071035215,0.013481213637470624,161,104,183.4072,-318.8145,-255.3491,0.3375
2019-02-10,-0.03477296675504511,-0.010946014118823495,162,104,178.7227,-309.4453,-245.98,0.3172
2019-02-17,0.03774032798284711,0.019536048750826318,163,104,175.2325,-302.4651,-238.9997,0.2923
2019-02-24,0.0939624707054569,-0.0350224945571569,164,104,178.2215,-308.443,-244.9777,0.3139
2019-03-03,0.0815458048544511,-0.06439348774286617,165,104,177.2774,-306.5548,-243.0894,0.3129
2019-03-10,-0.05953758079006618,-0.0795830001197836,166,104,177.7919,-307.5837,-244.1183,0.3197
2019-03-17,-0.06965271974579891,-0.14560722449891808,167,104,176.1487,-304.2973,-240.832,0.3074
2019-03-24,-0.044837589853608736,-0.08231412518853924,168,104,176.2509,-304.5018,-241.0364,0.3104
2019-03-31,0.16904345639380536,-0.0940199011662428,169,104,177.1899,-306.3798,-242.9145,0.325
2019-04-07,-0.04340183412490063,-0.1468223260554814,170,104,177.2333,-306.4665,-243.0011,0.3237
2019-04-14,0.036507416342463135,-0.15340503320851764,171,104,177.2432,-306.4863,-243.0209,0.3256
2019-04-21,-0.019048194970694474,-0.19349188829355246,172,104,177.511,-307.0221,-243.5567,0.3312
2019-04-28,0.02469261259037163,-0.1312352777957836,173,104,178.1016,-308.2032,-244.7378,0.3353
2019-05-05,-0.00879402652257323,-0.10833714532740593,174,104,178.0709,-308.1418,-244.6764,0.3339
2019-05-12,0.06886668055991176,-0.08046677304746332,175,104,176.3894,-304.7787,-241.3134,0.3142
2019-05-19,0.2580967680922741,-0.07822008360534596,176,104,176.5731,-305.1462,-241.6809,0.3184
2019-05-26,-0.1832318891281,-0.19953794453590118,177,104,175.6233,-303.2467,-239.7813,0.3105
2019-06-02,0.04226357789028097,-0.2568766651793117,178,104,175.6917,-303.3833,-239.9179,0.3196
2019-06-09,0.0073069218630320825,-0.11849375590637444,179,104,174.8266,-301.6532,-238.1879,0.2967
2019-06-16,-0.01361277565376556,-0.17302952767249938,180,104,172.4647,-296.9294,-233.4641,0.3284
2019-06-23,-0.018622512098001684,-0.08463832833666801,181,104,172.2302,-296.4604,-232.995,0.3152
2019-06-30,-0.015697209997307515,-0.08016845357680638,182,104,174.1043,-300.2085,-236.7432,0.3191
2019-07-07,-0.04405507490757664,0.07156804971580258,183,104,174.3419,-300.6837,-237.2183,0.3241
2019-07-14,0.05166380726711152,0.0920478961511994,184,104,174.2042,-300.4084,-236.943,0.3241
2019-07-21,-0.013627902379336298,-0.04202459338601188,185,104,174.1862,-300.3725,-236.9071,0.3264
2019-07-28,0.03399302206220761,-0.060543038139678984,186,104,174.2406,-300.4812,-237.0159,0.3284
2019-08-04,0.004235051327211566,-0.030498318594026814,187,104,174.0707,-300.1414,-236.676,0.3301
2019-08-11,0.024525100848050856,-0.07882637453232491,188,104,175.1766,-302.3533,-238.8879,0.336
2019-08-18,-0.01820596449657241,-0.05046525216549951,189,104,175.1572,-302.3144,-238.849,0.3379
2019-08-25,0.0005247966533458746,0.038077427004659076,190,104,174.7578,-301.5156,-238.0503,0.3338
2019-09-01,0.014583591799092216,-0.0024313617949756417,191,104,171.3818,-294.7637,-231.2983,0.2964
2019-09-08,0.0400357496265519,-0.002318959573356382,192,104,169.2718,-290.5437,-227.0783,0.2696
2019-09-15,0.0760222554140345,0.005971969293323723,193,104,169.2642,-290.5285,-227.0631,0.2757
2019-09-22,-0.06466130338341264,-0.09445918015093985,194,104,173.3564,-298.7128,-235.2474,0.266
2019-09-29,0.05308442020836772,-0.042175768335441934,195,104,173.3957,-298.7914,-235.326,0.2703
2019-10-06,0.013416810097052307,-0.03299314056225952,196,104,167.0602,-286.1205,-222.6551,0.2414
2019-10-13,-0.005529968009461198,-0.044669958805625666,197,104,167.2626,-286.5252,-223.0598,0.2497
2019-10-20,-0.08785192507643891,0.17279772935791007,198,104,166.8376,-285.6753,-222.2099,0.2446
2019-10-27,0.015519710749858133,0.016697010194597104,199,104,166.8825,-285.7649,-222.2995,0.2465
2019-11-03,-0.02413390133642986,-0.030620134163794124,200,104,166.8777,-285.7554,-222.29,0.2375
2019-11-10,-0.029436672295129755,-0.16223856972742798,201,104,166.8057,-285.6113,-222.1459,0.2368
2019-11-17,0.004705891037412935,0.05210625908158051,202,104,166.9192,-285.8384,-222.3731,0.2411
2019-11-24,-0.19650619178591108,0.07855397063321982,203,104,160.1665,-272.3331,-208.8677,0.2777
2019-12-01,0.14896720075436193,0.19921941047513983,204,104,159.9749,-271.9498,-208.4844,0.3262
2019-12-08,0.0016397926604153686,-0.06074381507310457,205,104,158.9029,-269.8059,-206.3405,0.3102
2019-12-15,0.015714222032736442,-0.1275570692731622,206,104,159.0643,-270.1287,-206.6633,0.2977
2019-12-22,-0.020641688887343485,-0.054435567410621506,207,104,159.1753,-270.3506,-206.8852,0.2939
2019-12-29,0.046120774188328134,-0.0035367944670196437,208,104,158.7637,-269.5273,-206.062,0.2879
2020-01-05,0.0585259851595137,-0.003397771478512691,209,104,159.2495,-270.499,-207.0336,0.2953
2020-01-12,0.14428649737111254,0.028721530607748236,210,104,156.195,-264.39,-200.9246,0.257
2020-01-19,-0.03838238257954243,-0.04814238007185094,211,104,156.2198,-264.4396,-200.9743,0.2609
2020-01-26,0.004436564508687745,-0.059984134958170184,212,104,156.7458,-265.4916,-202.0262,0.2688
2020-02-02,0.022325287047835936,0.028448897256167744,213,104,156.8944,-265.7888,-202.3234,0.2535
2020-02-09,-0.013510774270155103,0.02947478659549755,214,104,158.042,-268.084,-204.6186,0.2663
2020-02-16,0.07030837266328806,0.02862999763572752,215,104,157.6505,-267.301,-203.8357,0.2591
2020-02-23,-0.07118633584523272,-0.006848296265888421,216,104,159.9095,-271.8189,-208.3535,0.2796
2020-03-01,-0.03258489579093458,0.023468572352094104,217,104,159.9021,-271.8041,-208.3388,0.2744
2020-03-08,0.023319442345144423,0.047967298903252895,218,104,161.2488,-274.4975,-211.0321,0.2926
2020-03-15,0.008386718767101377,-0.004016419062318961,219,104,161.2428,-274.4856,-211.0202,0.2919
2020-03-22,-0.050021691418678654,0.07274077340532495,220,104,160.5327,-273.0655,-209.6001,0.2611
2020-03-29,-0.028593464263672326,0.0521209089006473,221,104,161.8428,-275.6855,-212.2202,0.2839
2020-04-05,-0.008596041469797908,0.11561309905030705,222,104,161.177,-274.354,-210.8886,0.2774
2020-04-12,0.013813032197280991,0.06911425026505291,223,104,161.7494,-275.4987,-212.0334,0.2756
2020-04-19,0.04214562145076353,0.058877955453531826,224,104,161.7571,-275.5142,-212.0488,0.2748
2020-04-26,0.02861169689889529,0.059352193111215,225,104,161.3627,-274.7255,-211.2601,0.2865
2020-05-03,0.2433004224115874,0.10903478447102163,226,104,161.8015,-275.6031,-212.1377,0.2907
2020-05-10,-0.07682283368652684,0.017890825502476136,227,104,162.1337,-276.2674,-212.802,0.2959
2020-05-17,-0.01352387253332543,0.002860837793262783,228,104,160.9229,-273.8458,-210.3805,0.2803
2020-05-24,0.017991489793041476,0.05088695949016586,229,104,161.9182,-275.8364,-212.371,0.2809
2020-05-31,-0.02749184625690654,-0.03338953464214438,230,104,151.6008,-255.2016,-191.7362,0.2086
2020-06-07,0.07713072679385523,0.11167062181449602,231,104,150.1585,-252.317,-188.8516,0.2229
2020-06-14,0.03610249767588382,0.014411646786924174,232,104,150.1934,-252.3868,-188.9214,0.2199
2020-06-21,0.00983892585029318,-0.019051386901620348,233,104,149.0959,-250.1918,-186.7264,0.2024
2020-06-28,-0.03679287273763351,-0.02266269603127618,234,104,149.1453,-250.2906,-186.8253,0.2017
2020-07-05,0.11063554491994698,0.0026307297552260207,235,104,148.9256,-249.8513,-186.3859,0.2013
2020-07-12,-0.00031362709995205827,-0.030994062206262097,236,104,149.0906,-250.1811,-186.7157,0.2087
2020-07-19,-0.002198148160961525,0.014798649339027825,237,104,147.3721,-246.7442,-183.2788,0.2154
2020-07-26,-0.019362610945616084,0.03178837399015548,238,104,148.3225,-248.6451,-185.1797,0.2285
2020-08-02,0.02093320966646572,0.055895309582247206,239,104,148.4068,-248.8136,-185.3482,0.2293
2020-08-09,-0.10167060302268059,0.026925780706590876,240,104,148.8433,-249.6866,-186.2212,0.2201
2020-08-16,-0.012587578790267178,0.05354354840267943,241,104,148.9004,-249.8008,-186.3354,0.2202
2020-08-23,-0.09246412809493608,0.017240379964595542,242,104,149.7216,-251.4431,-187.9778,0.2173
2020-08-30,0.02928522647340434,0.049855404240953534,243,104,149.8979,-251.7958,-188.3305,0.227
2020-09-06,0.0603600132151115,0.025846431279569385,244,104,149.8844,-251.7688,-188.3034,0.2294
2020-09-13,-0.058113662588737264,-0.011514629386228992,245,104,149.8507,-251.7014,-188.236,0.2281
2020-09-20,0.02656982866602793,0.013543811312525824,246,104,149.6989,-251.3978,-187.9324,0.2256
2020-09-27,0.012305620356766332,0.03790412879613239,247,104,149.3724,-250.7447,-187.2794,0.2252
2020-10-04,0.030117422464157217,0.0018690505257314988,248,104,149.0987,-250.1973,-186.7319,0.2197
2020-10-11,0.016271780167736626,0.005117561084421502,249,104,149.0824,-250.1648,-186.6995,0.2187
2020-10-18,-0.051076429529650615,-0.03209165955377109,250,104,149.1067,-250.2134,-186.748,0.219
2020-10-25,0.06336327352230121,0.013458243136831138,251,104,148.9072,-249.8144,-186.349,0.2181
2020-11-01,-0.04652001563489282,-0.020637525563051144,252,104,148.3698,-248.7396,-185.2742,0.2089
2020-11-08,0.002129926257824849,0.05932176579604981,253,104,145.8101,-243.6202,-180.1548,0.2615
2020-11-15,0.01443432911795109,0.053664137522194025,254,104,145.3974,-242.7948,-179.3294,0.2654
2020-11-22,0.0034891870709537133,0.006548769566599542,255,104,145.8047,-243.6094,-180.144,0.2716
2020-11-29,-0.015090653104600534,0.044005339332779614,256,104,146.1855,-244.3711,-180.9057,0.277
2020-12-06,-0.14634295575872291,0.042575314155463,257,104,146.4503,-244.9006,-181.4352,0.2701
2020-12-13,0.0004092490337454726,0.07389830044114841,258,104,146.3898,-244.7795,-181.3141,0.2734
2020-12-20,-0.0073922307874905255,0.028999953909691747,259,104,146.4288,-244.8577,-181.3923,0.2699
2020-12-27,0.048672385475461474,0.029511573960740993,260,104,147.0365,-246.0729,-182.6075,0.2664
2021-01-03,0.08681504833483225,0.055439571880405485,261,104,147.181,-246.362,-182.8966,0.2691
2021-01-10,0.010741241831412616,-0.0017029671547284994,262,104,146.2702,-244.5405,-181.0751,0.2714
2021-01-17,0.018349138668196617,0.04413611437005111,263,104,146.3802,-244.7605,-181.2951,0.2715
2021-01-24,-0.0063135951568523245,0.020719693419740556,264,104,146.7285,-245.4571,-181.9917,0.2742
2021-01-31,-0.014174581760093681,-0.0646623585631473,265,104,147.8962,-247.7925,-184.3271,0.2792
2021-02-07,0.011355693353673445,0.05822644154148301,266,104,148.847,-249.694,-186.2286,0.2608
2021-02-14,-0.06562120535847293,0.06231311664094556,267,104,151.7036,-255.4072,-191.9418,0.3022
2021-02-21,0.036623290250454583,0.07420819578103713,268,104,151.1323,-254.2646,-190.7992,0.295
2021-02-28,0.027938779969292237,0.049250694114410784,269,104,151.82,-255.64,-192.1746,0.3089
2021-03-07,0.004229826539100327,-0.016325763224724395,270,104,151.9136,-255.8272,-192.3618,0.3107
2021-03-14,0.04873991417570271,-0.02706170770896632,271,104,151.9067,-255.8135,-192.3481,0.3058
2021-03-21,0.049029427240318606,-0.013154943803662705,272,104,152.454,-256.9081,-193.4427,0.3192
2021-03-28,0.08584110184143923,-0.01567719896749066,273,104,152.6623,-257.3246,-193.8592,0.3215
2021-04-04,0.059659836406336,-0.0809710269364904,274,104,152.4499,-256.8997,-193.4343,0.3172
2021-04-11,-0.06936722253408784,0.0712538831056743,275,104,152.3803,-256.7606,-193.2952,0.316
2021-04-18,0.0026568281310853504,0.0944867917950653,276,104,152.3445,-256.6891,-193.2237,0.3139
2021-04-25,0.05338426715687083,0.08706720434807466,277,104,153.293,-258.586,-195.1206,0.331
2021-05-02,0.0052961796269593705,0.11418174513267897,278,104,154.0447,-260.0895,-196.6241,0.3443
2021-05-09,0.049359259653865055,0.07680312047920511,279,104,157.477,-266.9539,-203.4885,0.3879
2021-05-16,0.10966455039707104,0.12377777176708211,280,104,158.1624,-268.3248,-204.8595,0.3953
2021-05-23,0.016929630770320586,0.05273168269068139,281,104,158.1723,-268.3446,-204.8792,0.3924
2021-05-30,0.129501366436025,0.10028872055142575,282,104,158.5771,-269.1541,-205.6888,0.3896
2021-06-06,0.12010179820387497,0.04908913164763964,283,104,159.8818,-271.7636,-208.2982,0.4013
2021-06-13,-0.01907264856388916,-0.08331221234193642,284,104,156.0747,-264.1495,-200.6841,0.3411
2021-06-20,-0.12801853955041018,-0.0833394466646386,285,104,155.3679,-262.7358,-199.2705,0.331
2021-06-27,-0.051160395191395154,0.016016491527871327,286,104,154.9745,-261.949,-198.4836,0.3256
2021-07-04,-0.05907543482960538,0.05162791165324025,287,104,155.9802,-263.9604,-200.495,0.3392
2021-07-11,-0.037586710517142734,0.0936458539144875,288,104,156.5373,-265.0747,-201.6093,0.3534
2021-07-18,-0.039562318212358116,0.09469907027876771,289,104,156.8269,-265.6538,-202.1884,0.3559
2021-07-25,-0.04490179459993839,0.1454649376738848,290,104,156.7145,-265.429,-201.9636,0.354
2021-08-01,0.05324254812255783,0.16300138838723807,291,104,156.9836,-265.9672,-202.5018,0.3556
2021-08-08,0.0519852271089769,0.07669554041464081,292,104,156.1617,-264.3234,-200.858,0.3446
2021-08-15,0.024780028998486865,0.03832508832079879,293,104,155.9415,-263.8831,-200.4177,0.3394
2021-08-22,-0.06053721304927979,0.06648521407926587,294,104,154.3193,-260.6386,-197.1732,0.3248
2021-08-29,0.046452473167540684,0.0884956802013214,295,104,157.1905,-266.3809,-202.9155,0.3516
2021-09-05,0.03370452675139125,0.04206635735052903,296,104,159.1223,-270.2446,-206.7792,0.368
2021-09-12,-0.04703171115456866,0.028937643875020874,297,104,159.3948,-270.7895,-207.3241,0.3653
2021-09-19,0.030670014204474294,0.022722418592915176,298,104,159.6968,-271.3935,-207.9281,0.3632
2021-09-26,-0.27444907430323634,0.02362270819999152,299,104,161.9463,-275.8925,-212.4271,0.3887
2021-10-03,0.02773768420188568,0.12627840751106834,300,104,163.8795,-279.759,-216.2936,0.3832
2021-10-10,-0.028043447848970497,-0.05663657449488567,301,104,162.5888,-277.1776,-213.7122,0.3678
2021-10-17,-0.019765930721800776,-0.03857304745501739,302,104,158.2469,-268.4938,-205.0285,0.321
2021-10-24,-0.03459015319629556,0.012371796535713676,303,104,157.5607,-267.1214,-203.656,0.3109
2021-10-31,-0.00745425587466168,0.04262341248848395,304,104,157.3626,-266.7252,-203.2598,0.3112
2021-11-07,0.01837279722786464,0.041078333902651615,305,104,157.2292,-266.4584,-202.9931,0.309
2021-11-14,-0.05481273491042815,0.02207786363212662,306,104,157.4679,-266.9359,-203.4705,0.3089
2021-11-21,0.06213178110700618,0.013286075905416028,307,104,172.1709,-296.3418,-232.8764,0.406
2021-11-28,-0.0022218704585768305,-0.023185677494089243,308,104,172.5211,-297.0422,-233.5768,0.3468
2021-12-05,0.0669783450144214,-0.03695576764372168,309,104,172.0475,-296.095,-232.6296,0.3661
2021-12-12,0.03761924861517378,-0.026406897294607032,310,104,170.2877,-292.5753,-229.11,0.3663
2021-12-19,-0.032875687986115766,-0.024700058724571008,311,104,170.5628,-293.1256,-229.6602,0.3702
2021-12-26,0.08256494903249499,0.010620949659827435,312,104,166.8821,-285.7641,-222.2987,0.3561
2022-01-02,0.08054534653810216,-0.053004082789223396,313,104,165.7013,-283.4025,-219.9371,0.3464
2022-01-09,0.02186965888996732,-0.060881348824342374,314,104,165.4991,-282.9982,-219.5328,0.3469
2022-01-16,-0.03324059631694698,-0.033637029838247345,315,104,165.2824,-282.5648,-219.0994,0.3445
2022-01-23,-0.06103766771806072,-0.030064267090551086,316,104,165.0052,-282.0104,-218.545,0.344
2022-01-30,-0.06443047727165659,-0.01796576982368054,317,104,164.0175,-280.0349,-216.5696,0.3348
2022-02-06,0.015153971194283864,-0.022233250588091752,318,104,163.8835,-279.7669,-216.3015,0.3367
2022-02-13,0.038958738737950624,-0.01747428235477899,319,104,163.7545,-279.509,-216.0437,0.3379
2022-02-20,0.010317767339421911,0.006602922239549194,320,104,164.4546,-280.9091,-217.4438,0.3462
2022-02-27,-0.004874095758245295,-0.014425680677313531,321,104,163.5828,-279.1655,-215.7001,0.3428
2022-03-06,0.058258664898588795,0.004228619120928593,322,104,164.6016,-281.2031,-217.7377,0.3579
2022-03-13,0.02353645278655892,-0.022517600443052836,323,104,164.523,-281.0459,-217.5805,0.3563
2022-03-20,0.005985055272252002,-0.03822948014634496,324,104,164.3212,-280.6424,-217.1771,0.3508
2022-03-27,0.02746616990911637,-0.0396391375299346,325,104,164.8293,-281.6586,-218.1932,0.3497
2022-04-03,0.03960209254202271,-0.030447733035680803,326,104,155.7007,-263.4014,-199.936,0.3507
2022-04-10,0.03854085482387826,-0.015308117557455203,327,104,155.8625,-263.725,-200.2596,0.3533
2022-04-17,-0.0038103822859122186,-0.059364258506045146,328,104,154.8613,-261.7225,-198.2572,0.3421
2022-04-24,0.01890836001808464,-0.028309184310366033,329,104,154.2711,-260.5422,-197.0768,0.3232
2022-05-01,0.005055511371913435,-0.014966887585864303,330,104,154.3664,-260.7329,-197.2675,0.3265
2022-05-08,-0.005937345644226037,-0.02142333151008727,331,104,154.5403,-261.0806,-197.6152,0.3277
2022-05-15,-0.03798636279377182,-0.00953511168900994,332,104,155.2973,-262.5946,-199.1292,0.3361
2022-05-22,0.0291249844715718,-0.025938827082783753,333,104,155.315,-262.63,-199.1646,0.3413
2022-05-29,-0.0008904720089744386,-0.035704706854645274,334,104,160.4836,-272.9673,-209.5019,0.3514
2022-06-05,0.009089963930838411,-0.04942468730796959,335,104,161.1176,-274.2352,-210.7698,0.3273
2022-06-12,-0.004202151489243477,-0.050693603012379636,336,104,159.0669,-270.1338,-206.6684,0.3066
2022-06-19,-0.013387080782459296,-0.04688034806459335,337,104,158.4871,-268.9743,-205.5089,0.3003
2022-06-26,-0.019277158909874578,-0.05674254029631928,338,104,158.982,-269.9641,-206.4987,0.3083
2022-07-03,-0.04328667349698215,-0.05426731424155493,339,104,157.8202,-267.6404,-204.175,0.2999
2022-07-10,0.04534546411323825,-0.04277749689455623,340,104,155.6815,-263.363,-199.8976,0.2753
2022-07-17,-0.005959220019087257,-0.034524241508051806,341,104,158.7707,-269.5415,-206.0761,0.285
2022-07-24,-0.012491487894029141,-0.030942523494037203,342,104,159.1815,-270.3631,-206.8977,0.2899
2022-07-31,0.01662088123604028,-0.03417582454605944,343,104,159.0645,-270.129,-206.6636,0.2959
2022-08-07,0.07813895247137607,-0.049082557887310835,344,104,159.2848,-270.5696,-207.1042,0.3064
2022-08-14,0.0627769662758477,-0.05285502677667058,345,104,159.2346,-270.4693,-207.0039,0.3055
2022-08-21,-0.023539966344986406,-0.023658829275838185,346,104,161.8307,-275.6614,-212.1961,0.3341
2022-08-28,0.06196497625357948,-0.03897748062001686,347,104,162.288,-276.576,-213.1106,0.3307
2022-09-04,-0.06768161084996245,-0.06132522737920374,348,104,162.6367,-277.2734,-213.808,0.333
2022-09-11,-0.0057495024912611005,-0.02788728143018223,349,104,161.7177,-275.4354,-211.97,0.3253
2022-09-18,-0.023545206861752502,-0.06143854877050772,350,104,161.5356,-275.0712,-211.6059,0.3234
2022-09-25,-0.032136441551788256,-0.03149486134563886,351,104,161.3113,-274.6226,-211.1572,0.3152
2022-10-02,-0.02848818026464651,-0.03408334056566066,352,104,160.8946,-273.7891,-210.3238,0.3084
2022-10-09,0.02127739844728488,-0.01236580486499285,353,104,160.2627,-272.5254,-209.06,0.3014
2022-10-16,-0.05522529899090353,-0.009318903532754753,354,104,160.6442,-273.2885,-209.8231,0.3082
2022-10-23,-0.053552354480680915,0.025006219674274965,355,104,160.648,-273.296,-209.8306,0.3063
2022-10-30,-0.023251109268403274,0.014725544736946022,356,104,160.8064,-273.6128,-210.1474,0.3078
2022-11-06,0.021538151551131663,0.06779249603654776,357,104,167.9298,-287.8596,-224.3942,0.2969
2022-11-13,0.02801438936461753,0.0558885558745476,358,104,170.458,-292.916,-229.4506,0.3172
2022-11-20,-0.11549344633604726,0.05603998034292131,359,104,171.2243,-294.4487,-230.9833,0.3302
2022-11-27,-0.0431525170431923,0.12032899356851609,360,104,171.2452,-294.4904,-231.025,0.3313
2022-12-04,0.1160759944746215,0.16373587467871398,361,104,171.1292,-294.2584,-230.793,0.3278
2022-12-11,0.0037207037838376273,0.14477134010810244,362,104,171.2181,-294.4362,-230.9708,0.3184
2022-12-18,-0.03707397225751721,0.09255406026967469,363,104,171.2194,-294.4388,-230.9734,0.3165
2022-12-25,0.03161219105338642,0.12034264499887187,364,104,171.7799,-295.5597,-232.0943,0.3244
2023-01-01,0.01752049752425812,0.08031789555303823,365,104,173.6787,-299.3574,-235.892,0.3464
2023-01-08,-0.0031851062085773,0.04156040077022312,366,104,174.4208,-300.8415,-237.3761,0.3369
2023-01-15,0.0857836297513073,0.05773616896873178,367,104,173.3367,-298.6734,-235.208,0.3267
2023-01-22,-0.025317807984289897,0.07987196848624144,368,104,173.373,-298.746,-235.2807,0.3273
2023-01-29,0.02170769576019012,0.05239104938538146,369,104,173.3505,-298.701,-235.2356,0.3264
2023-02-05,0.007207238404949167,0.0239107744740503,370,104,173.3697,-298.7395,-235.2741,0.3264
2023-02-12,-0.01674626145170814,0.03854847667542522,371,104,172.4256,-296.8512,-233.3858,0.3019
2023-02-19,0.005462007206876641,0.006007890883427491,372,104,174.2851,-300.5702,-237.1048,0.3327
2023-02-26,-0.0006811216065346586,-0.05559450238972321,373,104,180.6803,-313.3607,-249.8953,0.3933
2023-03-05,0.07459453492180754,-0.05007906291498306,374,104,184.1224,-320.2448,-256.7794,0.4368
2023-03-12,0.14294625046635673,-0.07886914267538499,375,104,183.9796,-319.9591,-256.4938,0.4396
2023-03-19,0.05751363019581471,-0.11467620371744067,376,104,184.6168,-321.2336,-257.7682,0.4394
2023-03-26,0.07251721546911771,-0.13399875418117663,377,104,184.556,-321.1119,-257.6465,0.4395
2023-04-02,0.24908365881144012,-0.1070849302524827,378,104,183.6421,-319.2843,-255.8189,0.432
2023-04-09,-0.013218547099255669,-0.06340615195860347,379,104,183.2022,-318.4044,-254.939,0.428
2023-04-16,0.03682466085541335,-0.17904979643278762,380,104,185.991,-323.982,-260.5166,0.4581
2023-04-23,-0.046758517379703955,-0.16069440908320254,381,104,182.8808,-317.7615,-254.2962,0.4255
2023-04-30,-0.08588335840307823,-0.03713961004429942,382,104,179.9182,-311.8365,-248.3711,0.3913
2023-05-07,-0.11501490394338436,-0.03659633511394904,383,104,180.016,-312.032,-248.5666,0.389
2023-05-14,-0.016724908625933885,-0.04037318837045139,384,104,179.6383,-311.2766,-247.8112,0.3852
2023-05-21,-0.01668577136507442,-0.0543101954607437,385,104,179.3893,-310.7785,-247.3132,0.3832
2023-05-28,0.017639969910756323,-0.06621910620421698,386,104,173.6918,-299.3835,-235.9181,0.3413
2023-06-04,0.07160694770420571,-0.1269458918894646,387,104,172.9813,-297.9626,-234.4972,0.3359
2023-06-11,0.051478243249717684,-0.09393137093492579,388,104,178.008,-308.016,-244.5506,0.3786
2023-06-18,0.014511207615208079,-0.003080118004670701,389,104,177.0868,-306.1737,-242.7083,0.3674
2023-06-25,-0.015917677607960055,-0.014949238496158104,390,104,177.4159,-306.8317,-243.3664,0.3745
2023-07-02,-0.08653807080926533,0.01407987513501923,391,104,177.1579,-306.3157,-242.8504,0.369
2023-07-09,-0.01999601616034662,0.07914007154920338,392,104,180.0495,-312.099,-248.6337,0.3905
2023-07-16,0.00031308704075425493,0.05673515403785641,393,104,180.1576,-312.3152,-248.8498,0.3917
2023-07-23,0.00561886916107725,0.04685855295430121,394,104,177.6521,-307.3041,-243.8388,0.3747
2023-07-30,-0.02171262138035954,0.046464706282975554,395,104,177.3893,-306.7785,-243.3131,0.373
2023-08-06,0.0050769583903941444,0.04685083572801929,396,104,177.1983,-306.3966,-242.9312,0.3706
2023-08-13,-0.04897217155310346,0.06650491479229573,397,104,176.3723,-304.7445,-241.2792,0.3605
2023-08-20,-0.021332798574719355,0.04877494432172817,398,104,177.9507,-307.9014,-244.4361,0.3708
2023-08-27,-0.017641975071793686,0.046869324056983366,399,104,178.1109,-308.2219,-244.7565,0.3707
2023-09-03,-0.0736694193708533,0.05955997416508031,400,104,177.8847,-307.7694,-244.304,0.3669
2023-09-10,0.022257885657674874,0.04004096774988623,401,104,176.2741,-304.5482,-241.0829,0.357
2023-09-17,0.04517126385309383,-0.012178305329885345,402,104,171.4696,-294.9392,-231.4738,0.3305
2023-09-24,-0.04480749520593945,-0.005814177767619579,403,104,171.359,-294.7179,-231.2525,0.3307
2023-10-01,0.05311923136862586,-0.02866463875149924,404,104,170.0653,-292.1306,-228.6652,0.3098
2023-10-08,0.016079716961472788,-0.10413870037372999,405,104,164.7187,-281.4374,-217.972,0.3445
2023-10-15,0.016493137246011445,-0.09668684402489736,406,104,161.8351,-275.6702,-212.2049,0.2972
2023-10-22,-0.01785160238954775,-0.06585614015856407,407,104,162.2313,-276.4625,-212.9971,0.3039
2023-10-29,-0.015411263920525,-0.09136505280316522,408,104,160.7747,-273.5493,-210.0839,0.2859
2023-11-05,-0.022335599604232804,-0.0979941865510295,409,104,159.754,-271.5081,-208.0427,0.2876
2023-11-12,-0.03757745490133558,-0.06255572805607246,410,104,158.8931,-269.7862,-206.3208,0.2983
2023-11-19,-0.09547508896723492,-0.06354561069134212,411,104,158.6851,-269.3703,-205.9049,0.2767
2023-11-26,-0.07750946805182687,-0.10357598698697754,412,104,160.3685,-272.7369,-209.2715,0.3001
2023-12-03,0.048676062795424024,-0.04220459068038179,413,104,161.8211,-275.6422,-212.1768,0.2913
2023-12-10,0.019924660367293318,-0.061859440932793275,414,104,161.9873,-275.9747,-212.5093,0.2764
2023-12-17,-0.05669195408158497,-0.003360982419588373,415,104,163.3291,-278.6582,-215.1928,0.2985
2023-12-24,-0.022859382232403434,-0.019664765724283242,416,104,162.94,-277.88,-214.4146,0.2594
2023-12-31,0.012039107870695334,0.017264110111074715,417,104,162.6102,-277.2203,-213.7549,0.2491
2024-01-07,0.019179555703876257,0.001726599187562513,418,104,161.5491,-275.0983,-211.6329,0.2427
2024-01-14,0.013357561057035902,0.03895882224657751,419,104,161.1692,-274.3384,-210.873,0.2346
2024-01-21,-0.01720700977974291,0.003846403880751857,420,104,160.278,-272.5559,-209.0905,0.2172
2024-01-28,-0.03666131710864333,0.004928544237124797,421,104,159.2159,-270.4319,-206.9665,0.1955
2024-02-04,0.0013327412012658945,-0.02268226431869783,422,104,159.471,-270.9421,-207.4767,0.1957
2024-02-11,-0.07463743868587312,-0.0618782076965359,423,104,160.2928,-272.5856,-209.1202,0.2031
2024-02-18,-0.04001509699728277,-0.021122367805760933,424,104,159.329,-270.658,-207.1927,0.1935
2024-02-25,0.00966191091173689,0.039984821163753535,425,104,159.6277,-271.2554,-207.79,0.1902
2024-03-03,0.07548065596569407,0.023607812040286145,426,104,160.4804,-272.9607,-209.4954,0.2001
2024-03-10,0.006153865574378066,0.007970381487366372,427,104,160.9897,-273.9795,-210.5141,0.2187
2024-03-17,-0.022984234027355045,-0.014227160125889567,428,104,160.93,-273.8599,-210.3946,0.2133
2024-03-24,-0.028297101427171182,-0.0037568077804456534,429,104,161.8457,-275.6915,-212.2261,0.2293
2024-03-31,0.05626774651176155,-0.04469678655005332,430,104,177.5391,-307.0781,-243.6128,0.2752
2024-04-07,0.07027323317570153,-0.0031895444343532538,431,104,177.8592,-307.7185,-244.2531,0.2843
2024-04-14,0.05514256767421039,-0.0037001920147599785,432,104,178.5293,-309.0585,-245.5931,0.2909
2024-04-21,-0.05009736042001444,0.04454515183943568,433,104,177.9545,-307.9091,-244.4437,0.2816
2024-04-28,-0.025054389074127298,-0.03309945807090429,434,104,178.6626,-309.3251,-245.8598,0.2885
2024-05-05,0.0334069120535657,0.001293940579123248,435,104,179.3679,-310.7358,-247.2704,0.2988
2024-05-12,0.01895010363188469,-0.011790213906489346,436,104,179.6922,-311.3843,-247.9189,0.3048
2024-05-19,-0.018742181809740525,-0.0085130644989252,437,104,181.7483,-315.4966,-252.0312,0.3274
2024-05-26,-0.0597544184326687,0.017521037952513866,438,104,181.5795,-315.159,-251.6936,0.3417
2024-06-02,0.07563595260301659,0.037950198064298016,439,104,182.4636,-316.9271,-253.4617,0.3676
2024-06-09,-0.0030740878804218614,-0.027322707909617553,440,104,182.2032,-316.4065,-252.9411,0.36
2024-06-16,-0.011560822401076084,0.019360071343161072,441,104,182.2015,-316.403,-252.9377,0.358
2024-06-23,-0.04003499808165722,0.005554127731235276,442,104,181.5658,-315.1315,-251.6662,0.3552
2024-06-30,0.02391743306058872,0.041445671072765984,443,104,182.8044,-317.6088,-254.1434,0.3576
2024-07-07,0.02726779410904727,-0.0051409403778260344,444,104,182.5611,-317.1221,-253.6568,0.3402
2024-07-14,0.019117930247862295,-0.03405935612638947,445,104,182.6153,-317.2305,-253.7652,0.3407
2024-07-21,0.004422117759005382,-0.09511210463331876,446,104,182.5729,-317.1458,-253.6804,0.3376
2024-07-28,0.006198160400749845,-0.0441688015640516,447,104,182.4864,-316.9727,-253.5073,0.3276
2024-08-04,0.041579132574715565,-0.05765690342108705,448,104,182.4968,-316.9935,-253.5282,0.3204
2024-08-11,0.02604412159254921,-0.0485737320773921,449,104,181.9726,-315.9451,-252.4797,0.3131
2024-08-18,-0.02757492939244357,0.011401212452229187,450,104,181.4662,-314.9323,-251.467,0.3177
2024-08-25,-0.014855100990924072,0.01347098208598264,451,104,181.4441,-314.8881,-251.4228,0.3214
2024-09-01,0.09645803212231167,0.02828156841387399,452,104,180.6415,-313.283,-249.8176,0.311
2024-09-08,0.0014109349783349007,0.030253885407214774,453,104,181.0972,-314.1945,-250.7291,0.3226
2024-09-15,0.038549410631707456,-0.045765138076102725,454,104,180.4226,-312.8452,-249.3798,0.3126
2024-09-22,-0.010398116357827832,-0.020653657932376324,455,104,180.4156,-312.8312,-249.3659,0.3138
2024-09-29,0.015303818490834167,-0.020048928859322603,456,104,180.2234,-312.4468,-248.9814,0.3115
2024-10-06,-0.05052977969719253,-0.021844953529848086,457,104,178.0035,-308.007,-244.5416,0.2856
2024-10-13,-0.04408877298464935,0.009578405089048071,458,104,176.52,-305.0399,-241.5746,0.2739
2024-10-20,-0.024980170161842136,-0.007853772506150618,459,104,176.0387,-304.0774,-240.612,0.2747
2024-10-27,0.03200422861562466,-0.0019202305669162472,460,104,175.2403,-302.4807,-239.0153,0.2692
2024-11-03,0.025280968108804522,0.01965734066306011,461,104,175.2897,-302.5794,-239.114,0.2715
2024-11-10,0.029377444429059613,0.0005286311320234147,462,104,175.1943,-302.3885,-238.9232,0.2728
2024-11-17,-0.009462134728118209,-0.021067487497124764,463,104,175.6127,-303.2253,-239.7599,0.2757
2024-11-24,-0.021892838435275723,-0.023736731541679143,464,104,175.3645,-302.729,-239.2636,0.2712
2024-12-01,-0.006137203378733757,-0.023522703639544465,465,104,174.3526,-300.7052,-237.2398,0.2661
2024-12-08,0.03731776300719528,0.015219518278745323,466,104,174.0852,-300.1703,-236.7049,0.2763
2024-12-15,-0.021688234391640682,0.018369740937198262,467,104,174.029,-300.058,-236.5926,0.2755
2024-12-22,-0.004645354074533602,-0.011362064543147907,468,104,173.9829,-299.9659,-236.5005,0.2747
2024-12-29,-0.00917520154409873,0.013347124872143633,469,104,173.7049,-299.4097,-235.9444,0.2739
2025-01-05,0.01042799812853549,0.018815156632895937,470,104,174.9395,-301.8791,-238.4137,0.2875
2025-01-12,0.023684387395795203,0.008171120419271441,471,104,174.9401,-301.8802,-238.4148,0.2845
2025-01-19,-0.017799394931939508,0.0346125016351762,472,104,175.5859,-303.1717,-239.7063,0.2939
2025-01-26,-0.007137789048292406,-0.0009374879064834166,473,104,175.8019,-303.6038,-240.1384,0.2964
2025-02-02,0.010333247119733203,0.041288566445191466,474,104,175.9439,-303.8877,-240.4224,0.2979
2025-02-09,0.017046366546421044,0.05908648335704549,475,104,175.1549,-302.3099,-238.8445,0.2766
2025-02-16,0.021887991429033724,0.0709934090768899,476,104,175.4304,-302.8608,-239.3954,0.2724
2025-02-23,0.010851242454374702,0.033247464473652864,477,104,175.0725,-302.1451,-238.6797,0.2679
2025-03-02,0.025309376245538858,0.04859168191785647,478,104,176.2005,-304.4009,-240.9355,0.2745
2025-03-09,-0.0008224361019546789,0.04161686272925545,479,104,176.3258,-304.6516,-241.1862,0.2876
2025-03-16,-0.015254814143281776,0.02240407190268836,480,104,176.0061,-304.0122,-240.5468,0.2831
2025-03-23,0.006993035490970604,0.03595720137685811,481,104,174.8702,-301.7404,-238.275,0.269
2025-03-30,-0.03391871596366427,0.011905016590817198,482,104,176.0876,-304.1751,-240.7098,0.2834
2025-04-06,-0.048532730778899635,-0.009021129698494978,483,104,176.3718,-304.7435,-241.2781,0.2854
2025-04-13,0.0009004953332501659,0.01237177423177873,484,104,175.7381,-303.4763,-240.0109,0.2827
2025-04-20,0.0032350854958060095,0.019777305787682255,485,104,176.2241,-304.4482,-240.9828,0.2865
2025-04-27,0.045426486118957735,0.0052670748653104345,486,104,176.3952,-304.7904,-241.325,0.283
2025-05-04,0.04148021406022846,0.010461748731694536,487,104,176.9633,-305.9265,-242.4611,0.2912
2025-05-11,0.028221139818575495,0.0003346497265908407,488,104,176.9643,-305.9287,-242.4633,0.2916
2025-05-18,-0.07623844923800221,-0.013088054070271709,489,104,176.8807,-305.7614,-242.296,0.2906
2025-05-25,0.04637094750655942,-0.018584667196136252,490,104,181.5134,-315.0268,-251.5614,0.3177
2025-06-01,0.01146801559164129,0.00875752254680001,491,104,182.1519,-316.3039,-252.8385,0.3222
2025-06-08,-0.03312109341163614,-0.003909024768147321,492,104,184.2639,-320.5277,-257.0624,0.3175
2025-06-15,0.03977750243587618,-0.02084999288829079,493,104,184.5134,-321.0269,-257.5615,0.3238
2025-06-22,-0.00502880449826672,0.02232890525990863,494,104,186.6365,-325.273,-261.8076,0.3483
2025-06-29,-0.004400626448111887,-0.0005183861556362058,495,104,187.3381,-326.6761,-263.2108,0.3552
2025-07-06,0.013788846908294888,-0.008373107041046865,496,104,186.8459,-325.6918,-262.2264,0.3489
2025-07-13,0.09754854453884503,0.022264482374267338,497,104,187.0199,-326.0397,-262.5744,0.3512
2025-07-20,0.020825047599952826,0.0017418929170088168,498,104,188.4865,-328.973,-265.5077,0.353
2025-07-27,0.01336386109932317,0.025154748471050325,499,104,187.9089,-327.8177,-264.3523,0.3448
2025-08-03,-0.13609686920003763,-0.06826209688983455,500,104,188.0885,-328.177,-264.7117,0.3463
2025-08-10,0.0901483071232034,0.024011496653982833,501,104,187.9729,-327.9459,-264.4805,0.345
2025-08-17,-0.17258059897181605,0.0027258265803477622,502,104,188.7591,-329.5183,-266.0529,0.3544
2025-08-24,0.009443931679732284,-0.005540117649597718,503,104,188.8029,-329.6057,-266.1403,0.3559
2025-08-31,0.03841701610379179,0.028114170532347688,504,104,192.7842,-337.5684,-274.103,0.4035
2025-09-07,-0.029406385046915003,-0.005570351523594017,505,104,192.026,-336.0519,-272.5866,0.3832
2025-09-14,-0.08944506035192679,0.026470898751850266,506,104,192.1306,-336.2611,-272.7957,0.3301
2025-09-21,0.06145652709376885,0.02625836728154292,507,104,192.4615,-336.923,-273.4576,0.3255
2025-09-28,-0.03336949526515163,0.042805757353221965,508,104,192.9272,-337.8544,-274.3891,0.3155
2025-10-05,-0.10531975672651991,0.001669348166872083,509,104,212.9041,-377.8081,-314.3427,0.3489
2025-10-12,0.0679461993327835,0.0008597207231603198,510,104,211.8438,-375.6877,-312.2223,0.3437
2025-10-19,-0.05901938006126391,0.038350848944883636,511,104,216.5529,-385.1058,-321.6405,0.3943
2025-10-26,0.11510884671230733,-0.009786496645644151,512,104,216.8698,-385.7396,-322.2742,0.3909
